date,rule,threshold,price,message
2025-01-28,PRICE_ABOVE,1000,2002.975144540282,Kopargaon कांदा भाव Rs 2003/qtl झाला आहे (तुमचा लक्ष्य: Rs 1000) - विकण्याची चांगली वेळ!
2025-01-29,PRICE_ABOVE,1000,1932.7976051042751,Kopargaon कांदा भाव Rs 1933/qtl झाला आहे (तुमचा लक्ष्य: Rs 1000) - विकण्याची चांगली वेळ!
2025-01-30,PRICE_ABOVE,1000,1974.3859157657296,Kopargaon कांदा भाव Rs 1974/qtl झाला आहे (तुमचा लक्ष्य: Rs 1000) - विकण्याची चांगली वेळ!
2025-01-31,PRICE_ABOVE,1000,1896.0692887321984,Kopargaon कांदा भाव Rs 1896/qtl झाला आहे (तुमचा लक्ष्य: Rs 1000) - विकण्याची चांगली वेळ!
2025-02-01,PRICE_ABOVE,1000,1707.1759241212362,Kopargaon कांदा भाव Rs 1707/qtl झाला आहे (तुमचा लक्ष्य: Rs 1000) - विकण्याची चांगली वेळ!
2025-02-03,PRICE_ABOVE,1000,1742.2812181486777,Kopargaon कांदा भाव Rs 1742/qtl झाला आहे (तुमचा लक्ष्य: Rs 1000) - विकण्याची चांगली वेळ!
2025-02-04,PRICE_ABOVE,1000,1895.7049639926424,Kopargaon कांदा भाव Rs 1896/qtl झाला आहे (तुमचा लक्ष्य: Rs 1000) - विकण्याची चांगली वेळ!
2025-02-05,PRICE_ABOVE,1000,2060.82151002966,Kopargaon कांदा भाव Rs 2061/qtl झाला आहे (तुमचा लक्ष्य: Rs 1000) - विकण्याची चांगली वेळ!
2025-02-06,PRICE_ABOVE,1000,1923.850077808921,Kopargaon कांदा भाव Rs 1924/qtl झाला आहे (तुमचा लक्ष्य: Rs 1000) - विकण्याची चांगली वेळ!
2025-02-07,PRICE_ABOVE,1000,1922.813785813266,Kopargaon कांदा भाव Rs 1923/qtl झाला आहे (तुमचा लक्ष्य: Rs 1000) - विकण्याची चांगली वेळ!
2025-02-08,PRICE_ABOVE,1000,1964.396227530549,Kopargaon कांदा भाव Rs 1964/qtl झाला आहे (तुमचा लक्ष्य: Rs 1000) - विकण्याची चांगली वेळ!
2025-02-12,PRICE_ABOVE,1000,2180.5509339054943,Kopargaon कांदा भाव Rs 2181/qtl झाला आहे (तुमचा लक्ष्य: Rs 1000) - विकण्याची चांगली वेळ!
2025-02-13,PRICE_ABOVE,1000,2355.356468901868,Kopargaon कांदा भाव Rs 2355/qtl झाला आहे (तुमचा लक्ष्य: Rs 1000) - विकण्याची चांगली वेळ!
2025-02-14,PRICE_ABOVE,1000,2636.0787894669866,Kopargaon कांदा भाव Rs 2636/qtl झाला आहे (तुमचा लक्ष्य: Rs 1000) - विकण्याची चांगली वेळ!
2025-02-15,PRICE_ABOVE,1000,2653.982516522159,Kopargaon कांदा भाव Rs 2654/qtl झाला आहे (तुमचा लक्ष्य: Rs 1000) - विकण्याची चांगली वेळ!
2025-02-17,PRICE_ABOVE,1000,2346.756464652849,Kopargaon कांदा भाव Rs 2347/qtl झाला आहे (तुमचा लक्ष्य: Rs 1000) - विकण्याची चांगली वेळ!
2025-02-18,PRICE_ABOVE,1000,2265.48056599883,Kopargaon कांदा भाव Rs 2265/qtl झाला आहे (तुमचा लक्ष्य: Rs 1000) - विकण्याची चांगली वेळ!
2025-02-19,PRICE_ABOVE,1000,2022.4505513011009,Kopargaon कांदा भाव Rs 2022/qtl झाला आहे (तुमचा लक्ष्य: Rs 1000) - विकण्याची चांगली वेळ!
2025-02-20,PRICE_ABOVE,1000,1899.279935129876,Kopargaon कांदा भाव Rs 1899/qtl झाला आहे (तुमचा लक्ष्य: Rs 1000) - विकण्याची चांगली वेळ!
2025-02-21,PRICE_ABOVE,1000,1962.9832600481825,Kopargaon कांदा भाव Rs 1963/qtl झाला आहे (तुमचा लक्ष्य: Rs 1000) - विकण्याची चांगली वेळ!
2025-02-22,PRICE_ABOVE,1000,1964.5888788959624,Kopargaon कांदा भाव Rs 1965/qtl झाला आहे (तुमचा लक्ष्य: Rs 1000) - विकण्याची चांगली वेळ!
2025-02-24,PRICE_ABOVE,1000,1997.9871879750692,Kopargaon कांदा भाव Rs 1998/qtl झाला आहे (तुमचा लक्ष्य: Rs 1000) - विकण्याची चांगली वेळ!
2025-02-25,PRICE_ABOVE,1000,1982.342481272047,Kopargaon कांदा भाव Rs 1982/qtl झाला आहे (तुमचा लक्ष्य: Rs 1000) - विकण्याची चांगली वेळ!
2025-02-27,PRICE_ABOVE,1000,1936.1837216095507,Kopargaon कांदा भाव Rs 1936/qtl झाला आहे (तुमचा लक्ष्य: Rs 1000) - विकण्याची चांगली वेळ!
2025-02-28,PRICE_ABOVE,1000,1971.2682897458744,Kopargaon कांदा भाव Rs 1971/qtl झाला आहे (तुमचा लक्ष्य: Rs 1000) - विकण्याची चांगली वेळ!
2025-03-01,PRICE_ABOVE,1000,1389.4013378096918,Kopargaon कांदा भाव Rs 1389/qtl झाला आहे (तुमचा लक्ष्य: Rs 1000) - विकण्याची चांगली वेळ!
2025-03-03,PRICE_ABOVE,1000,1371.9825472039188,Kopargaon कांदा भाव Rs 1372/qtl झाला आहे (तुमचा लक्ष्य: Rs 1000) - विकण्याची चांगली वेळ!
2025-03-04,PRICE_ABOVE,1000,1220.3204706889487,Kopargaon कांदा भाव Rs 1220/qtl झाला आहे (तुमचा लक्ष्य: Rs 1000) - विकण्याची चांगली वेळ!
2025-03-05,PRICE_ABOVE,1000,1290.8188355022055,Kopargaon कांदा भाव Rs 1291/qtl झाला आहे (तुमचा लक्ष्य: Rs 1000) - विकण्याची चांगली वेळ!
2025-03-06,PRICE_ABOVE,1000,1291.9353840932988,Kopargaon कांदा भाव Rs 1292/qtl झाला आहे (तुमचा लक्ष्य: Rs 1000) - विकण्याची चांगली वेळ!
2025-03-07,PRICE_ABOVE,1000,1315.2477283258474,Kopargaon कांदा भाव Rs 1315/qtl झाला आहे (तुमचा लक्ष्य: Rs 1000) - विकण्याची चांगली वेळ!
2025-03-08,PRICE_ABOVE,1000,1065.5156769384748,Kopargaon कांदा भाव Rs 1066/qtl झाला आहे (तुमचा लक्ष्य: Rs 1000) - विकण्याची चांगली वेळ!
2025-03-11,PRICE_ABOVE,1000,1067.5182530451416,Kopargaon कांदा भाव Rs 1068/qtl झाला आहे (तुमचा लक्ष्य: Rs 1000) - विकण्याची चांगली वेळ!
2025-03-20,PRICE_BELOW,750,723.6108419401696,WARNING: Kopargaon onion price dropped to Rs 724/qtl (your alert: below Rs 750)
2025-04-12,PRICE_BELOW,750,645.3781972405895,WARNING: Kopargaon onion price dropped to Rs 645/qtl (your alert: below Rs 750)
2025-04-14,PRICE_ABOVE,1000,1084.9335471287293,Kopargaon कांदा भाव Rs 1085/qtl झाला आहे (तुमचा लक्ष्य: Rs 1000) - विकण्याची चांगली वेळ!
2025-04-15,PRICE_ABOVE,1000,1026.1705619202023,Kopargaon कांदा भाव Rs 1026/qtl झाला आहे (तुमचा लक्ष्य: Rs 1000) - विकण्याची चांगली वेळ!
2025-04-16,PRICE_ABOVE,1000,1085.5881697857728,Kopargaon कांदा भाव Rs 1086/qtl झाला आहे (तुमचा लक्ष्य: Rs 1000) - विकण्याची चांगली वेळ!
2025-04-17,PRICE_ABOVE,1000,1062.700237359205,Kopargaon कांदा भाव Rs 1063/qtl झाला आहे (तुमचा लक्ष्य: Rs 1000) - विकण्याची चांगली वेळ!
2025-04-18,PRICE_ABOVE,1000,1098.396881885533,Kopargaon कांदा भाव Rs 1098/qtl झाला आहे (तुमचा लक्ष्य: Rs 1000) - विकण्याची चांगली वेळ!
2025-04-19,PRICE_ABOVE,1000,1049.4880837754845,Kopargaon कांदा भाव Rs 1049/qtl झाला आहे (तुमचा लक्ष्य: Rs 1000) - विकण्याची चांगली वेळ!
2025-04-21,PRICE_ABOVE,1000,1134.3990113742716,Kopargaon कांदा भाव Rs 1134/qtl झाला आहे (तुमचा लक्ष्य: Rs 1000) - विकण्याची चांगली वेळ!
2025-04-22,PRICE_ABOVE,1000,1139.3232710742234,Kopargaon कांदा भाव Rs 1139/qtl झाला आहे (तुमचा लक्ष्य: Rs 1000) - विकण्याची चांगली वेळ!
2025-04-23,PRICE_ABOVE,1000,1146.9833432027467,Kopargaon कांदा भाव Rs 1147/qtl झाला आहे (तुमचा लक्ष्य: Rs 1000) - विकण्याची चांगली वेळ!
2025-04-24,PRICE_ABOVE,1000,1027.9667531696175,Kopargaon कांदा भाव Rs 1028/qtl झाला आहे (तुमचा लक्ष्य: Rs 1000) - विकण्याची चांगली वेळ!
2025-04-25,PRICE_ABOVE,1000,1084.330243643079,Kopargaon कांदा भाव Rs 1084/qtl झाला आहे (तुमचा लक्ष्य: Rs 1000) - विकण्याची चांगली वेळ!
2025-04-26,PRICE_ABOVE,1000,1048.006886438611,Kopargaon कांदा भाव Rs 1048/qtl झाला आहे (तुमचा लक्ष्य: Rs 1000) - विकण्याची चांगली वेळ!
2025-04-28,PRICE_ABOVE,1000,1019.2592093245546,Kopargaon कांदा भाव Rs 1019/qtl झाला आहे (तुमचा लक्ष्य: Rs 1000) - विकण्याची चांगली वेळ!
2025-04-29,PRICE_ABOVE,1000,1038.639438833168,Kopargaon कांदा भाव Rs 1039/qtl झाला आहे (तुमचा लक्ष्य: Rs 1000) - विकण्याची चांगली वेळ!
2025-04-30,PRICE_ABOVE,1000,1040.6351729186704,Kopargaon कांदा भाव Rs 1041/qtl झाला आहे (तुमचा लक्ष्य: Rs 1000) - विकण्याची चांगली वेळ!
2025-05-02,PRICE_ABOVE,1000,1008.428801917754,Kopargaon कांदा भाव Rs 1008/qtl झाला आहे (तुमचा लक्ष्य: Rs 1000) - विकण्याची चांगली वेळ!
2025-05-03,PRICE_ABOVE,1000,1051.75697125724,Kopargaon कांदा भाव Rs 1052/qtl झाला आहे (तुमचा लक्ष्य: Rs 1000) - विकण्याची चांगली वेळ!
2025-05-05,PRICE_ABOVE,1000,1034.157299034737,Kopargaon कांदा भाव Rs 1034/qtl झाला आहे (तुमचा लक्ष्य: Rs 1000) - विकण्याची चांगली वेळ!
2025-05-09,PRICE_ABOVE,1000,1002.7011270330264,Kopargaon कांदा भाव Rs 1003/qtl झाला आहे (तुमचा लक्ष्य: Rs 1000) - विकण्याची चांगली वेळ!
2025-05-10,PRICE_ABOVE,1000,1027.745040934862,Kopargaon कांदा भाव Rs 1028/qtl झाला आहे (तुमचा लक्ष्य: Rs 1000) - विकण्याची चांगली वेळ!
2025-05-12,PRICE_ABOVE,1000,1034.5518372086194,Kopargaon कांदा भाव Rs 1035/qtl झाला आहे (तुमचा लक्ष्य: Rs 1000) - विकण्याची चांगली वेळ!
2025-05-16,PRICE_ABOVE,1000,1040.7236188996424,Kopargaon कांदा भाव Rs 1041/qtl झाला आहे (तुमचा लक्ष्य: Rs 1000) - विकण्याची चांगली वेळ!
2025-05-17,PRICE_ABOVE,1000,1066.7007750953655,Kopargaon कांदा भाव Rs 1067/qtl झाला आहे (तुमचा लक्ष्य: Rs 1000) - विकण्याची चांगली वेळ!
2025-05-19,PRICE_ABOVE,1000,1034.9676823118734,Kopargaon कांदा भाव Rs 1035/qtl झाला आहे (तुमचा लक्ष्य: Rs 1000) - विकण्याची चांगली वेळ!
2025-05-20,PRICE_ABOVE,1000,1031.5290920449831,Kopargaon कांदा भाव Rs 1032/qtl झाला आहे (तुमचा लक्ष्य: Rs 1000) - विकण्याची चांगली वेळ!
2025-05-21,PRICE_ABOVE,1000,1038.0105274454777,Kopargaon कांदा भाव Rs 1038/qtl झाला आहे (तुमचा लक्ष्य: Rs 1000) - विकण्याची चांगली वेळ!
2025-05-26,PRICE_ABOVE,1000,1000.1501625898323,Kopargaon कांदा भाव Rs 1000/qtl झाला आहे (तुमचा लक्ष्य: Rs 1000) - विकण्याची चांगली वेळ!
2025-05-27,PRICE_ABOVE,1000,1140.1646726986908,Kopargaon कांदा भाव Rs 1140/qtl झाला आहे (तुमचा लक्ष्य: Rs 1000) - विकण्याची चांगली वेळ!
2025-05-28,PRICE_ABOVE,1000,1189.3049982676184,Kopargaon कांदा भाव Rs 1189/qtl झाला आहे (तुमचा लक्ष्य: Rs 1000) - विकण्याची चांगली वेळ!
2025-05-29,PRICE_ABOVE,1000,1237.3110405943326,Kopargaon कांदा भाव Rs 1237/qtl झाला आहे (तुमचा लक्ष्य: Rs 1000) - विकण्याची चांगली वेळ!
2025-05-30,PRICE_ABOVE,1000,1237.1192266237078,Kopargaon कांदा भाव Rs 1237/qtl झाला आहे (तुमचा लक्ष्य: Rs 1000) - विकण्याची चांगली वेळ!
2025-05-31,PRICE_ABOVE,1000,1217.23793017317,Kopargaon कांदा भाव Rs 1217/qtl झाला आहे (तुमचा लक्ष्य: Rs 1000) - विकण्याची चांगली वेळ!
2025-06-02,PRICE_ABOVE,1000,1182.9325881318102,Kopargaon कांदा भाव Rs 1183/qtl झाला आहे (तुमचा लक्ष्य: Rs 1000) - विकण्याची चांगली वेळ!
2025-06-03,PRICE_ABOVE,1000,1208.7191998286892,Kopargaon कांदा भाव Rs 1209/qtl झाला आहे (तुमचा लक्ष्य: Rs 1000) - विकण्याची चांगली वेळ!
2025-06-04,PRICE_ABOVE,1000,1212.9361873852793,Kopargaon कांदा भाव Rs 1213/qtl झाला आहे (तुमचा लक्ष्य: Rs 1000) - विकण्याची चांगली वेळ!
2025-06-05,PRICE_ABOVE,1000,1297.8054881959822,Kopargaon कांदा भाव Rs 1298/qtl झाला आहे (तुमचा लक्ष्य: Rs 1000) - विकण्याची चांगली वेळ!
2025-06-06,PRICE_ABOVE,1000,1348.0138521939973,Kopargaon कांदा भाव Rs 1348/qtl झाला आहे (तुमचा लक्ष्य: Rs 1000) - विकण्याची चांगली वेळ!
2025-06-07,PRICE_ABOVE,1000,1325.0914391256492,Kopargaon कांदा भाव Rs 1325/qtl झाला आहे (तुमचा लक्ष्य: Rs 1000) - विकण्याची चांगली वेळ!
2025-06-09,PRICE_ABOVE,1000,1453.5403485369557,Kopargaon कांदा भाव Rs 1454/qtl झाला आहे (तुमचा लक्ष्य: Rs 1000) - विकण्याची चांगली वेळ!
2025-06-10,PRICE_ABOVE,1000,1435.8718818785064,Kopargaon कांदा भाव Rs 1436/qtl झाला आहे (तुमचा लक्ष्य: Rs 1000) - विकण्याची चांगली वेळ!
2025-06-11,PRICE_ABOVE,1000,1455.7915074782363,Kopargaon कांदा भाव Rs 1456/qtl झाला आहे (तुमचा लक्ष्य: Rs 1000) - विकण्याची चांगली वेळ!
2025-06-12,PRICE_ABOVE,1000,1396.219398465022,Kopargaon कांदा भाव Rs 1396/qtl झाला आहे (तुमचा लक्ष्य: Rs 1000) - विकण्याची चांगली वेळ!
2025-06-13,PRICE_ABOVE,1000,1400.476642771604,Kopargaon कांदा भाव Rs 1400/qtl झाला आहे (तुमचा लक्ष्य: Rs 1000) - विकण्याची चांगली वेळ!
2025-06-14,PRICE_ABOVE,1000,1407.8177611661315,Kopargaon कांदा भाव Rs 1408/qtl झाला आहे (तुमचा लक्ष्य: Rs 1000) - विकण्याची चांगली वेळ!
2025-06-16,PRICE_ABOVE,1000,1405.9658076241874,Kopargaon कांदा भाव Rs 1406/qtl झाला आहे (तुमचा लक्ष्य: Rs 1000) - विकण्याची चांगली वेळ!
2025-06-17,PRICE_ABOVE,1000,1395.5204298247988,Kopargaon कांदा भाव Rs 1396/qtl झाला आहे (तुमचा लक्ष्य: Rs 1000) - विकण्याची चांगली वेळ!
2025-06-18,PRICE_ABOVE,1000,1331.6354327134625,Kopargaon कांदा भाव Rs 1332/qtl झाला आहे (तुमचा लक्ष्य: Rs 1000) - विकण्याची चांगली वेळ!
2025-06-19,PRICE_ABOVE,1000,1379.3228083619963,Kopargaon कांदा भाव Rs 1379/qtl झाला आहे (तुमचा लक्ष्य: Rs 1000) - विकण्याची चांगली वेळ!
2025-06-20,PRICE_ABOVE,1000,1348.79911359711,Kopargaon कांदा भाव Rs 1349/qtl झाला आहे (तुमचा लक्ष्य: Rs 1000) - विकण्याची चांगली वेळ!
2025-06-21,PRICE_ABOVE,1000,1373.067950378603,Kopargaon कांदा भाव Rs 1373/qtl झाला आहे (तुमचा लक्ष्य: Rs 1000) - विकण्याची चांगली वेळ!
2025-06-23,PRICE_ABOVE,1000,1387.3972490146473,Kopargaon कांदा भाव Rs 1387/qtl झाला आहे (तुमचा लक्ष्य: Rs 1000) - विकण्याची चांगली वेळ!
2025-06-24,PRICE_ABOVE,1000,1425.2223318665108,Kopargaon कांदा भाव Rs 1425/qtl झाला आहे (तुमचा लक्ष्य: Rs 1000) - विकण्याची चांगली वेळ!
2025-06-25,PRICE_ABOVE,1000,1385.5220629280084,Kopargaon कांदा भाव Rs 1386/qtl झाला आहे (तुमचा लक्ष्य: Rs 1000) - विकण्याची चांगली वेळ!
2025-06-26,PRICE_ABOVE,1000,1407.9911424906204,Kopargaon कांदा भाव Rs 1408/qtl झाला आहे (तुमचा लक्ष्य: Rs 1000) - विकण्याची चांगली वेळ!
2025-06-27,PRICE_ABOVE,1000,1359.710268877195,Kopargaon कांदा भाव Rs 1360/qtl झाला आहे (तुमचा लक्ष्य: Rs 1000) - विकण्याची चांगली वेळ!
2025-06-28,PRICE_ABOVE,1000,1439.5599108263712,Kopargaon कांदा भाव Rs 1440/qtl झाला आहे (तुमचा लक्ष्य: Rs 1000) - विकण्याची चांगली वेळ!
2025-06-30,PRICE_ABOVE,1000,1426.810636373156,Kopargaon कांदा भाव Rs 1427/qtl झाला आहे (तुमचा लक्ष्य: Rs 1000) - विकण्याची चांगली वेळ!
2025-07-01,PRICE_ABOVE,1000,1352.8496302307362,Kopargaon कांदा भाव Rs 1353/qtl झाला आहे (तुमचा लक्ष्य: Rs 1000) - विकण्याची चांगली वेळ!
2025-07-02,PRICE_ABOVE,1000,1305.5968523200136,Kopargaon कांदा भाव Rs 1306/qtl झाला आहे (तुमचा लक्ष्य: Rs 1000) - विकण्याची चांगली वेळ!
2025-07-03,PRICE_ABOVE,1000,1299.4618828795494,Kopargaon कांदा भाव Rs 1299/qtl झाला आहे (तुमचा लक्ष्य: Rs 1000) - विकण्याची चांगली वेळ!
2025-07-04,PRICE_ABOVE,1000,1314.7536142344045,Kopargaon कांदा भाव Rs 1315/qtl झाला आहे (तुमचा लक्ष्य: Rs 1000) - विकण्याची चांगली वेळ!
2025-07-05,PRICE_ABOVE,1000,1337.3437913330752,Kopargaon कांदा भाव Rs 1337/qtl झाला आहे (तुमचा लक्ष्य: Rs 1000) - विकण्याची चांगली वेळ!
2025-07-07,PRICE_ABOVE,1000,1299.5826389147476,Kopargaon कांदा भाव Rs 1300/qtl झाला आहे (तुमचा लक्ष्य: Rs 1000) - विकण्याची चांगली वेळ!
2025-07-08,PRICE_ABOVE,1000,1286.4088210850257,Kopargaon कांदा भाव Rs 1286/qtl झाला आहे (तुमचा लक्ष्य: Rs 1000) - विकण्याची चांगली वेळ!
2025-07-09,PRICE_ABOVE,1000,1306.7805111871096,Kopargaon कांदा भाव Rs 1307/qtl झाला आहे (तुमचा लक्ष्य: Rs 1000) - विकण्याची चांगली वेळ!
2025-07-10,PRICE_ABOVE,1000,1283.911679220239,Kopargaon कांदा भाव Rs 1284/qtl झाला आहे (तुमचा लक्ष्य: Rs 1000) - विकण्याची चांगली वेळ!
2025-07-11,PRICE_ABOVE,1000,1360.6262663509058,Kopargaon कांदा भाव Rs 1361/qtl झाला आहे (तुमचा लक्ष्य: Rs 1000) - विकण्याची चांगली वेळ!
2025-07-12,PRICE_ABOVE,1000,1244.799501716096,Kopargaon कांदा भाव Rs 1245/qtl झाला आहे (तुमचा लक्ष्य: Rs 1000) - विकण्याची चांगली वेळ!
2025-07-14,PRICE_ABOVE,1000,1287.4222009765538,Kopargaon कांदा भाव Rs 1287/qtl झाला आहे (तुमचा लक्ष्य: Rs 1000) - विकण्याची चांगली वेळ!
2025-07-15,PRICE_ABOVE,1000,1292.6780938031632,Kopargaon कांदा भाव Rs 1293/qtl झाला आहे (तुमचा लक्ष्य: Rs 1000) - विकण्याची चांगली वेळ!
2025-07-16,PRICE_ABOVE,1000,1330.628476379792,Kopargaon कांदा भाव Rs 1331/qtl झाला आहे (तुमचा लक्ष्य: Rs 1000) - विकण्याची चांगली वेळ!
2025-07-17,PRICE_ABOVE,1000,1241.7970598860468,Kopargaon कांदा भाव Rs 1242/qtl झाला आहे (तुमचा लक्ष्य: Rs 1000) - विकण्याची चांगली वेळ!
2025-07-18,PRICE_ABOVE,1000,1239.1919194566226,Kopargaon कांदा भाव Rs 1239/qtl झाला आहे (तुमचा लक्ष्य: Rs 1000) - विकण्याची चांगली वेळ!
2025-07-19,PRICE_ABOVE,1000,1193.6591319387423,Kopargaon कांदा भाव Rs 1194/qtl झाला आहे (तुमचा लक्ष्य: Rs 1000) - विकण्याची चांगली वेळ!
2025-07-21,PRICE_ABOVE,1000,1261.7299971454956,Kopargaon कांदा भाव Rs 1262/qtl झाला आहे (तुमचा लक्ष्य: Rs 1000) - विकण्याची चांगली वेळ!
2025-07-22,PRICE_ABOVE,1000,1284.3663505849458,Kopargaon कांदा भाव Rs 1284/qtl झाला आहे (तुमचा लक्ष्य: Rs 1000) - विकण्याची चांगली वेळ!
2025-07-23,PRICE_ABOVE,1000,1239.1116936875542,Kopargaon कांदा भाव Rs 1239/qtl झाला आहे (तुमचा लक्ष्य: Rs 1000) - विकण्याची चांगली वेळ!
2025-07-24,PRICE_ABOVE,1000,1228.400102069165,Kopargaon कांदा भाव Rs 1228/qtl झाला आहे (तुमचा लक्ष्य: Rs 1000) - विकण्याची चांगली वेळ!
2025-07-25,PRICE_ABOVE,1000,1163.410140078353,Kopargaon कांदा भाव Rs 1163/qtl झाला आहे (तुमचा लक्ष्य: Rs 1000) - विकण्याची चांगली वेळ!
2025-07-28,PRICE_ABOVE,1000,1093.9798654592043,Kopargaon कांदा भाव Rs 1094/qtl झाला आहे (तुमचा लक्ष्य: Rs 1000) - विकण्याची चांगली वेळ!
2025-07-29,PRICE_ABOVE,1000,1120.2610515600836,Kopargaon कांदा भाव Rs 1120/qtl झाला आहे (तुमचा लक्ष्य: Rs 1000) - विकण्याची चांगली वेळ!
2025-07-30,PRICE_ABOVE,1000,1115.4729527505665,Kopargaon कांदा भाव Rs 1115/qtl झाला आहे (तुमचा लक्ष्य: Rs 1000) - विकण्याची चांगली वेळ!
2025-07-31,PRICE_ABOVE,1000,1075.512507887779,Kopargaon कांदा भाव Rs 1076/qtl झाला आहे (तुमचा लक्ष्य: Rs 1000) - विकण्याची चांगली वेळ!
2025-08-01,PRICE_ABOVE,1000,1157.171979542377,Kopargaon कांदा भाव Rs 1157/qtl झाला आहे (तुमचा लक्ष्य: Rs 1000) - विकण्याची चांगली वेळ!
2025-08-02,PRICE_ABOVE,1000,1166.6201145288503,Kopargaon कांदा भाव Rs 1167/qtl झाला आहे (तुमचा लक्ष्य: Rs 1000) - विकण्याची चांगली वेळ!
2025-08-04,PRICE_ABOVE,1000,1129.0237622586794,Kopargaon कांदा भाव Rs 1129/qtl झाला आहे (तुमचा लक्ष्य: Rs 1000) - विकण्याची चांगली वेळ!
2025-08-05,PRICE_ABOVE,1000,1131.5030455054457,Kopargaon कांदा भाव Rs 1132/qtl झाला आहे (तुमचा लक्ष्य: Rs 1000) - विकण्याची चांगली वेळ!
2025-08-06,PRICE_ABOVE,1000,1180.9013441253037,Kopargaon कांदा भाव Rs 1181/qtl झाला आहे (तुमचा लक्ष्य: Rs 1000) - विकण्याची चांगली वेळ!
2025-08-07,PRICE_ABOVE,1000,1177.0503171844234,Kopargaon कांदा भाव Rs 1177/qtl झाला आहे (तुमचा लक्ष्य: Rs 1000) - विकण्याची चांगली वेळ!
2025-08-11,PRICE_ABOVE,1000,1193.913256705889,Kopargaon कांदा भाव Rs 1194/qtl झाला आहे (तुमचा लक्ष्य: Rs 1000) - विकण्याची चांगली वेळ!
2025-08-12,PRICE_ABOVE,1000,1342.5791542826073,Kopargaon कांदा भाव Rs 1343/qtl झाला आहे (तुमचा लक्ष्य: Rs 1000) - विकण्याची चांगली वेळ!
2025-08-13,PRICE_ABOVE,1000,1518.2278195966048,Kopargaon कांदा भाव Rs 1518/qtl झाला आहे (तुमचा लक्ष्य: Rs 1000) - विकण्याची चांगली वेळ!
2025-08-14,PRICE_ABOVE,1000,1510.149269446349,Kopargaon कांदा भाव Rs 1510/qtl झाला आहे (तुमचा लक्ष्य: Rs 1000) - विकण्याची चांगली वेळ!
2025-08-16,PRICE_ABOVE,1000,1512.3547141448446,Kopargaon कांदा भाव Rs 1512/qtl झाला आहे (तुमचा लक्ष्य: Rs 1000) - विकण्याची चांगली वेळ!
2025-08-18,PRICE_ABOVE,1000,1598.8325915251514,Kopargaon कांदा भाव Rs 1599/qtl झाला आहे (तुमचा लक्ष्य: Rs 1000) - विकण्याची चांगली वेळ!
2025-08-19,PRICE_ABOVE,1000,1600.1755727718428,Kopargaon कांदा भाव Rs 1600/qtl झाला आहे (तुमचा लक्ष्य: Rs 1000) - विकण्याची चांगली वेळ!
2025-08-25,PRICE_ABOVE,1000,1508.9481559224,Kopargaon कांदा भाव Rs 1509/qtl झाला आहे (तुमचा लक्ष्य: Rs 1000) - विकण्याची चांगली वेळ!
2025-08-26,PRICE_ABOVE,1000,1446.2347813266877,Kopargaon कांदा भाव Rs 1446/qtl झाला आहे (तुमचा लक्ष्य: Rs 1000) - विकण्याची चांगली वेळ!
2025-08-28,PRICE_ABOVE,1000,1375.675991387212,Kopargaon कांदा भाव Rs 1376/qtl झाला आहे (तुमचा लक्ष्य: Rs 1000) - विकण्याची चांगली वेळ!
2025-08-30,PRICE_ABOVE,1000,1290.76036014054,Kopargaon कांदा भाव Rs 1291/qtl झाला आहे (तुमचा लक्ष्य: Rs 1000) - विकण्याची चांगली वेळ!
2025-09-01,PRICE_ABOVE,1000,1337.117710606507,Kopargaon कांदा भाव Rs 1337/qtl झाला आहे (तुमचा लक्ष्य: Rs 1000) - विकण्याची चांगली वेळ!
2025-09-02,PRICE_ABOVE,1000,1369.780950853387,Kopargaon कांदा भाव Rs 1370/qtl झाला आहे (तुमचा लक्ष्य: Rs 1000) - विकण्याची चांगली वेळ!
2025-09-03,PRICE_ABOVE,1000,1299.808529349934,Kopargaon कांदा भाव Rs 1300/qtl झाला आहे (तुमचा लक्ष्य: Rs 1000) - विकण्याची चांगली वेळ!
2025-09-04,PRICE_ABOVE,1000,1296.8616838236785,Kopargaon कांदा भाव Rs 1297/qtl झाला आहे (तुमचा लक्ष्य: Rs 1000) - विकण्याची चांगली वेळ!
2025-09-06,PRICE_ABOVE,1000,1256.7176263064173,Kopargaon कांदा भाव Rs 1257/qtl झाला आहे (तुमचा लक्ष्य: Rs 1000) - विकण्याची चांगली वेळ!
2025-09-08,PRICE_ABOVE,1000,1242.544500149003,Kopargaon कांदा भाव Rs 1243/qtl झाला आहे (तुमचा लक्ष्य: Rs 1000) - विकण्याची चांगली वेळ!
2025-09-09,PRICE_ABOVE,1000,1290.3918503004106,Kopargaon कांदा भाव Rs 1290/qtl झाला आहे (तुमचा लक्ष्य: Rs 1000) - विकण्याची चांगली वेळ!
2025-09-10,PRICE_ABOVE,1000,1201.0384765048482,Kopargaon कांदा भाव Rs 1201/qtl झाला आहे (तुमचा लक्ष्य: Rs 1000) - विकण्याची चांगली वेळ!
2025-09-11,PRICE_ABOVE,1000,1149.9650285407406,Kopargaon कांदा भाव Rs 1150/qtl झाला आहे (तुमचा लक्ष्य: Rs 1000) - विकण्याची चांगली वेळ!
2025-09-15,PRICE_ABOVE,1000,1193.0078567645946,Kopargaon कांदा भाव Rs 1193/qtl झाला आहे (तुमचा लक्ष्य: Rs 1000) - विकण्याची चांगली वेळ!
2025-09-16,PRICE_ABOVE,1000,1119.2876304243418,Kopargaon कांदा भाव Rs 1119/qtl झाला आहे (तुमचा लक्ष्य: Rs 1000) - विकण्याची चांगली वेळ!
2025-09-17,PRICE_ABOVE,1000,1203.6070501681434,Kopargaon कांदा भाव Rs 1204/qtl झाला आहे (तुमचा लक्ष्य: Rs 1000) - विकण्याची चांगली वेळ!
2025-09-18,PRICE_ABOVE,1000,1132.4383527818648,Kopargaon कांदा भाव Rs 1132/qtl झाला आहे (तुमचा लक्ष्य: Rs 1000) - विकण्याची चांगली वेळ!
2025-09-19,PRICE_ABOVE,1000,1058.558723177592,Kopargaon कांदा भाव Rs 1059/qtl झाला आहे (तुमचा लक्ष्य: Rs 1000) - विकण्याची चांगली वेळ!
2025-09-20,PRICE_ABOVE,1000,1058.4272094124406,Kopargaon कांदा भाव Rs 1058/qtl झाला आहे (तुमचा लक्ष्य: Rs 1000) - विकण्याची चांगली वेळ!
2025-09-22,PRICE_ABOVE,1000,1061.276196198118,Kopargaon कांदा भाव Rs 1061/qtl झाला आहे (तुमचा लक्ष्य: Rs 1000) - विकण्याची चांगली वेळ!
2025-09-23,PRICE_ABOVE,1000,1027.671453995014,Kopargaon कांदा भाव Rs 1028/qtl झाला आहे (तुमचा लक्ष्य: Rs 1000) - विकण्याची चांगली वेळ!
2025-09-24,PRICE_ABOVE,1000,1097.3272615366018,Kopargaon कांदा भाव Rs 1097/qtl झाला आहे (तुमचा लक्ष्य: Rs 1000) - विकण्याची चांगली वेळ!
2025-09-26,PRICE_ABOVE,1000,1121.4325493589631,Kopargaon कांदा भाव Rs 1121/qtl झाला आहे (तुमचा लक्ष्य: Rs 1000) - विकण्याची चांगली वेळ!
2025-09-27,PRICE_ABOVE,1000,1073.2759173302345,Kopargaon कांदा भाव Rs 1073/qtl झाला आहे (तुमचा लक्ष्य: Rs 1000) - विकण्याची चांगली वेळ!
2025-09-29,PRICE_ABOVE,1000,1044.5900457775888,Kopargaon कांदा भाव Rs 1045/qtl झाला आहे (तुमचा लक्ष्य: Rs 1000) - विकण्याची चांगली वेळ!
2025-09-30,PRICE_ABOVE,1000,1138.9465510038472,Kopargaon कांदा भाव Rs 1139/qtl झाला आहे (तुमचा लक्ष्य: Rs 1000) - विकण्याची चांगली वेळ!
2025-10-02,PRICE_ABOVE,1000,1150.7614886365727,Kopargaon कांदा भाव Rs 1151/qtl झाला आहे (तुमचा लक्ष्य: Rs 1000) - विकण्याची चांगली वेळ!
2025-10-03,PRICE_ABOVE,1000,1082.1658575099227,Kopargaon कांदा भाव Rs 1082/qtl झाला आहे (तुमचा लक्ष्य: Rs 1000) - विकण्याची चांगली वेळ!
2025-10-04,PRICE_ABOVE,1000,1065.339413096105,Kopargaon कांदा भाव Rs 1065/qtl झाला आहे (तुमचा लक्ष्य: Rs 1000) - विकण्याची चांगली वेळ!
2025-10-06,PRICE_ABOVE,1000,1052.054860952072,Kopargaon कांदा भाव Rs 1052/qtl झाला आहे (तुमचा लक्ष्य: Rs 1000) - विकण्याची चांगली वेळ!
2025-10-07,PRICE_ABOVE,1000,1046.9064236424504,Kopargaon कांदा भाव Rs 1047/qtl झाला आहे (तुमचा लक्ष्य: Rs 1000) - विकण्याची चांगली वेळ!
2025-10-08,PRICE_ABOVE,1000,1015.5972193034328,Kopargaon कांदा भाव Rs 1016/qtl झाला आहे (तुमचा लक्ष्य: Rs 1000) - विकण्याची चांगली वेळ!
2025-10-09,PRICE_ABOVE,1000,1025.9585407010484,Kopargaon कांदा भाव Rs 1026/qtl झाला आहे (तुमचा लक्ष्य: Rs 1000) - विकण्याची चांगली वेळ!
2025-10-13,PRICE_ABOVE,1000,1113.2759338740082,Kopargaon कांदा भाव Rs 1113/qtl झाला आहे (तुमचा लक्ष्य: Rs 1000) - विकण्याची चांगली वेळ!
2025-10-14,PRICE_ABOVE,1000,1021.3980236585658,Kopargaon कांदा भाव Rs 1021/qtl झाला आहे (तुमचा लक्ष्य: Rs 1000) - विकण्याची चांगली वेळ!
2025-10-16,PRICE_ABOVE,1000,1012.5633515202368,Kopargaon कांदा भाव Rs 1013/qtl झाला आहे (तुमचा लक्ष्य: Rs 1000) - विकण्याची चांगली वेळ!
2025-10-24,PRICE_ABOVE,1000,1025.5577719701846,Kopargaon कांदा भाव Rs 1026/qtl झाला आहे (तुमचा लक्ष्य: Rs 1000) - विकण्याची चांगली वेळ!
2025-10-27,PRICE_ABOVE,1000,1293.981338954611,Kopargaon कांदा भाव Rs 1294/qtl झाला आहे (तुमचा लक्ष्य: Rs 1000) - विकण्याची चांगली वेळ!
2025-10-28,PRICE_ABOVE,1000,1370.3101213369998,Kopargaon कांदा भाव Rs 1370/qtl झाला आहे (तुमचा लक्ष्य: Rs 1000) - विकण्याची चांगली वेळ!
2025-10-29,PRICE_ABOVE,1000,1369.8471228146811,Kopargaon कांदा भाव Rs 1370/qtl झाला आहे (तुमचा लक्ष्य: Rs 1000) - विकण्याची चांगली वेळ!
2025-10-30,PRICE_ABOVE,1000,1571.089680734442,Kopargaon कांदा भाव Rs 1571/qtl झाला आहे (तुमचा लक्ष्य: Rs 1000) - विकण्याची चांगली वेळ!
2025-10-31,PRICE_ABOVE,1000,1621.3042130057368,Kopargaon कांदा भाव Rs 1621/qtl झाला आहे (तुमचा लक्ष्य: Rs 1000) - विकण्याची चांगली वेळ!
2025-11-01,PRICE_ABOVE,1000,1311.1793453722948,Kopargaon कांदा भाव Rs 1311/qtl झाला आहे (तुमचा लक्ष्य: Rs 1000) - विकण्याची चांगली वेळ!
2025-11-03,PRICE_ABOVE,1000,1424.348283726863,Kopargaon कांदा भाव Rs 1424/qtl झाला आहे (तुमचा लक्ष्य: Rs 1000) - विकण्याची चांगली वेळ!
2025-11-05,PRICE_ABOVE,1000,1511.628755187228,Kopargaon कांदा भाव Rs 1512/qtl झाला आहे (तुमचा लक्ष्य: Rs 1000) - विकण्याची चांगली वेळ!
2025-11-07,PRICE_ABOVE,1000,1511.581069891396,Kopargaon कांदा भाव Rs 1512/qtl झाला आहे (तुमचा लक्ष्य: Rs 1000) - विकण्याची चांगली वेळ!
2025-11-08,PRICE_ABOVE,1000,1484.6741729879743,Kopargaon कांदा भाव Rs 1485/qtl झाला आहे (तुमचा लक्ष्य: Rs 1000) - विकण्याची चांगली वेळ!
2025-11-10,PRICE_ABOVE,1000,1409.7880156427111,Kopargaon कांदा भाव Rs 1410/qtl झाला आहे (तुमचा लक्ष्य: Rs 1000) - विकण्याची चांगली वेळ!
2025-11-12,PRICE_ABOVE,1000,1303.034350896908,Kopargaon कांदा भाव Rs 1303/qtl झाला आहे (तुमचा लक्ष्य: Rs 1000) - विकण्याची चांगली वेळ!
2025-11-13,PRICE_ABOVE,1000,1349.9985659869433,Kopargaon कांदा भाव Rs 1350/qtl झाला आहे (तुमचा लक्ष्य: Rs 1000) - विकण्याची चांगली वेळ!
2025-11-14,PRICE_ABOVE,1000,1315.5766774661215,Kopargaon कांदा भाव Rs 1316/qtl झाला आहे (तुमचा लक्ष्य: Rs 1000) - विकण्याची चांगली वेळ!
2025-11-15,PRICE_ABOVE,1000,1304.9781579342414,Kopargaon कांदा भाव Rs 1305/qtl झाला आहे (तुमचा लक्ष्य: Rs 1000) - विकण्याची चांगली वेळ!
2025-11-17,PRICE_ABOVE,1000,1238.9944372446405,Kopargaon कांदा भाव Rs 1239/qtl झाला आहे (तुमचा लक्ष्य: Rs 1000) - विकण्याची चांगली वेळ!
2025-11-19,PRICE_ABOVE,1000,1318.018257990066,Kopargaon कांदा भाव Rs 1318/qtl झाला आहे (तुमचा लक्ष्य: Rs 1000) - विकण्याची चांगली वेळ!
2025-11-20,PRICE_ABOVE,1000,1125.7792622528789,Kopargaon कांदा भाव Rs 1126/qtl झाला आहे (तुमचा लक्ष्य: Rs 1000) - विकण्याची चांगली वेळ!
2025-11-21,PRICE_ABOVE,1000,1169.416482765082,Kopargaon कांदा भाव Rs 1169/qtl झाला आहे (तुमचा लक्ष्य: Rs 1000) - विकण्याची चांगली वेळ!
2025-11-24,PRICE_ABOVE,1000,1683.0127603048054,Kopargaon कांदा भाव Rs 1683/qtl झाला आहे (तुमचा लक्ष्य: Rs 1000) - विकण्याची चांगली वेळ!
2025-11-26,PRICE_ABOVE,1000,1756.7093389316135,Kopargaon कांदा भाव Rs 1757/qtl झाला आहे (तुमचा लक्ष्य: Rs 1000) - विकण्याची चांगली वेळ!
2025-11-27,PRICE_ABOVE,1000,1659.3292784411717,Kopargaon कांदा भाव Rs 1659/qtl झाला आहे (तुमचा लक्ष्य: Rs 1000) - विकण्याची चांगली वेळ!
2025-11-28,PRICE_ABOVE,1000,1499.4194185634458,Kopargaon कांदा भाव Rs 1499/qtl झाला आहे (तुमचा लक्ष्य: Rs 1000) - विकण्याची चांगली वेळ!
2025-12-01,PRICE_ABOVE,1000,2530.2466294121355,Kopargaon कांदा भाव Rs 2530/qtl झाला आहे (तुमचा लक्ष्य: Rs 1000) - विकण्याची चांगली वेळ!
2025-12-02,PRICE_ABOVE,1000,2004.3814874300897,Kopargaon कांदा भाव Rs 2004/qtl झाला आहे (तुमचा लक्ष्य: Rs 1000) - विकण्याची चांगली वेळ!
2025-12-03,PRICE_ABOVE,1000,2362.216403823037,Kopargaon कांदा भाव Rs 2362/qtl झाला आहे (तुमचा लक्ष्य: Rs 1000) - विकण्याची चांगली वेळ!
2025-12-04,PRICE_ABOVE,1000,2188.41815831178,Kopargaon कांदा भाव Rs 2188/qtl झाला आहे (तुमचा लक्ष्य: Rs 1000) - विकण्याची चांगली वेळ!
2025-12-05,PRICE_ABOVE,1000,2137.849523304006,Kopargaon कांदा भाव Rs 2138/qtl झाला आहे (तुमचा लक्ष्य: Rs 1000) - विकण्याची चांगली वेळ!
2025-12-06,PRICE_ABOVE,1000,1860.068664461419,Kopargaon कांदा भाव Rs 1860/qtl झाला आहे (तुमचा लक्ष्य: Rs 1000) - विकण्याची चांगली वेळ!
2025-12-08,PRICE_ABOVE,1000,2016.002443855291,Kopargaon कांदा भाव Rs 2016/qtl झाला आहे (तुमचा लक्ष्य: Rs 1000) - विकण्याची चांगली वेळ!
2025-12-10,PRICE_ABOVE,1000,2152.5823012746687,Kopargaon कांदा भाव Rs 2153/qtl झाला आहे (तुमचा लक्ष्य: Rs 1000) - विकण्याची चांगली वेळ!
2025-12-12,PRICE_ABOVE,1000,2070.5114957941296,Kopargaon कांदा भाव Rs 2071/qtl झाला आहे (तुमचा लक्ष्य: Rs 1000) - विकण्याची चांगली वेळ!
2025-12-13,PRICE_ABOVE,1000,1937.5102688663048,Kopargaon कांदा भाव Rs 1938/qtl झाला आहे (तुमचा लक्ष्य: Rs 1000) - विकण्याची चांगली वेळ!
2025-12-15,PRICE_ABOVE,1000,1989.020178447189,Kopargaon कांदा भाव Rs 1989/qtl झाला आहे (तुमचा लक्ष्य: Rs 1000) - विकण्याची चांगली वेळ!
2025-12-16,PRICE_ABOVE,1000,2092.462866145529,Kopargaon कांदा भाव Rs 2092/qtl झाला आहे (तुमचा लक्ष्य: Rs 1000) - विकण्याची चांगली वेळ!
2025-12-17,PRICE_ABOVE,1000,1935.5804057780565,Kopargaon कांदा भाव Rs 1936/qtl झाला आहे (तुमचा लक्ष्य: Rs 1000) - विकण्याची चांगली वेळ!
2025-12-18,PRICE_ABOVE,1000,1843.0205224083693,Kopargaon कांदा भाव Rs 1843/qtl झाला आहे (तुमचा लक्ष्य: Rs 1000) - विकण्याची चांगली वेळ!
2025-12-19,PRICE_ABOVE,1000,1790.7809440365652,Kopargaon कांदा भाव Rs 1791/qtl झाला आहे (तुमचा लक्ष्य: Rs 1000) - विकण्याची चांगली वेळ!
2025-12-25,PRICE_ABOVE,1000,1764.5914685185298,Kopargaon कांदा भाव Rs 1765/qtl झाला आहे (तुमचा लक्ष्य: Rs 1000) - विकण्याची चांगली वेळ!
2025-12-26,PRICE_ABOVE,1000,1876.7730454737448,Kopargaon कांदा भाव Rs 1877/qtl झाला आहे (तुमचा लक्ष्य: Rs 1000) - विकण्याची चांगली वेळ!
2025-12-27,PRICE_ABOVE,1000,1825.126936328199,Kopargaon कांदा भाव Rs 1825/qtl झाला आहे (तुमचा लक्ष्य: Rs 1000) - विकण्याची चांगली वेळ!
2025-12-29,PRICE_ABOVE,1000,2101.721955420291,Kopargaon कांदा भाव Rs 2102/qtl झाला आहे (तुमचा लक्ष्य: Rs 1000) - विकण्याची चांगली वेळ!
2025-12-30,PRICE_ABOVE,1000,1701.0050245676052,Kopargaon कांदा भाव Rs 1701/qtl झाला आहे (तुमचा लक्ष्य: Rs 1000) - विकण्याची चांगली वेळ!
2025-12-31,PRICE_ABOVE,1000,1721.1232435970362,Kopargaon कांदा भाव Rs 1721/qtl झाला आहे (तुमचा लक्ष्य: Rs 1000) - विकण्याची चांगली वेळ!
2026-01-01,PRICE_ABOVE,1000,1673.0278281160404,Kopargaon कांदा भाव Rs 1673/qtl झाला आहे (तुमचा लक्ष्य: Rs 1000) - विकण्याची चांगली वेळ!
2026-01-02,PRICE_ABOVE,1000,1624.5750530482132,Kopargaon कांदा भाव Rs 1625/qtl झाला आहे (तुमचा लक्ष्य: Rs 1000) - विकण्याची चांगली वेळ!
2026-01-03,PRICE_ABOVE,1000,1661.8113042740524,Kopargaon कांदा भाव Rs 1662/qtl झाला आहे (तुमचा लक्ष्य: Rs 1000) - विकण्याची चांगली वेळ!
2026-01-05,PRICE_ABOVE,1000,1400.971468239826,Kopargaon कांदा भाव Rs 1401/qtl झाला आहे (तुमचा लक्ष्य: Rs 1000) - विकण्याची चांगली वेळ!
2026-01-06,PRICE_ABOVE,1000,1340.7694206014305,Kopargaon कांदा भाव Rs 1341/qtl झाला आहे (तुमचा लक्ष्य: Rs 1000) - विकण्याची चांगली वेळ!
2026-01-07,PRICE_ABOVE,1000,1429.4208857555502,Kopargaon कांदा भाव Rs 1429/qtl झाला आहे (तुमचा लक्ष्य: Rs 1000) - विकण्याची चांगली वेळ!
2026-01-09,PRICE_ABOVE,1000,1443.7283413972011,Kopargaon कांदा भाव Rs 1444/qtl झाला आहे (तुमचा लक्ष्य: Rs 1000) - विकण्याची चांगली वेळ!
2026-01-10,PRICE_ABOVE,1000,1234.838324792712,Kopargaon कांदा भाव Rs 1235/qtl झाला आहे (तुमचा लक्ष्य: Rs 1000) - विकण्याची चांगली वेळ!
2026-01-12,PRICE_ABOVE,1000,1335.15958815416,Kopargaon कांदा भाव Rs 1335/qtl झाला आहे (तुमचा लक्ष्य: Rs 1000) - विकण्याची चांगली वेळ!
2026-01-13,PRICE_ABOVE,1000,1254.2874502253435,Kopargaon कांदा भाव Rs 1254/qtl झाला आहे (तुमचा लक्ष्य: Rs 1000) - विकण्याची चांगली वेळ!
2026-01-16,PRICE_ABOVE,1000,1238.7141554945615,Kopargaon कांदा भाव Rs 1239/qtl झाला आहे (तुमचा लक्ष्य: Rs 1000) - विकण्याची चांगली वेळ!
2026-01-20,PRICE_ABOVE,1000,1269.4423889152476,Kopargaon कांदा भाव Rs 1269/qtl झाला आहे (तुमचा लक्ष्य: Rs 1000) - विकण्याची चांगली वेळ!
2026-01-21,PRICE_ABOVE,1000,1244.7413863955153,Kopargaon कांदा भाव Rs 1245/qtl झाला आहे (तुमचा लक्ष्य: Rs 1000) - विकण्याची चांगली वेळ!
2026-01-22,PRICE_ABOVE,1000,1239.8625130090943,Kopargaon कांदा भाव Rs 1240/qtl झाला आहे (तुमचा लक्ष्य: Rs 1000) - विकण्याची चांगली वेळ!
2026-01-27,PRICE_ABOVE,1000,1098.1444160500891,Kopargaon कांदा भाव Rs 1098/qtl झाला आहे (तुमचा लक्ष्य: Rs 1000) - विकण्याची चांगली वेळ!
2026-01-28,PRICE_ABOVE,1000,1118.233462836236,Kopargaon कांदा भाव Rs 1118/qtl झाला आहे (तुमचा लक्ष्य: Rs 1000) - विकण्याची चांगली वेळ!
2026-01-29,PRICE_ABOVE,1000,1057.5313270880577,Kopargaon कांदा भाव Rs 1058/qtl झाला आहे (तुमचा लक्ष्य: Rs 1000) - विकण्याची चांगली वेळ!
2026-01-30,PRICE_ABOVE,1000,1005.7213792235508,Kopargaon कांदा भाव Rs 1006/qtl झाला आहे (तुमचा लक्ष्य: Rs 1000) - विकण्याची चांगली वेळ!
2026-02-07,PRICE_ABOVE,1000,1030.1014078022426,Kopargaon कांदा भाव Rs 1030/qtl झाला आहे (तुमचा लक्ष्य: Rs 1000) - विकण्याची चांगली वेळ!
2026-02-09,PRICE_ABOVE,1000,1051.5654560997916,Kopargaon कांदा भाव Rs 1052/qtl झाला आहे (तुमचा लक्ष्य: Rs 1000) - विकण्याची चांगली वेळ!
2026-02-10,PRICE_ABOVE,1000,1086.1275045416385,Kopargaon कांदा भाव Rs 1086/qtl झाला आहे (तुमचा लक्ष्य: Rs 1000) - विकण्याची चांगली वेळ!
2026-02-11,PRICE_ABOVE,1000,1078.161620083375,Kopargaon कांदा भाव Rs 1078/qtl झाला आहे (तुमचा लक्ष्य: Rs 1000) - विकण्याची चांगली वेळ!
2026-02-12,PRICE_ABOVE,1000,1065.5937778811967,Kopargaon कांदा भाव Rs 1066/qtl झाला आहे (तुमचा लक्ष्य: Rs 1000) - विकण्याची चांगली वेळ!
2026-02-13,PRICE_ABOVE,1000,1036.5348378832673,Kopargaon कांदा भाव Rs 1037/qtl झाला आहे (तुमचा लक्ष्य: Rs 1000) - विकण्याची चांगली वेळ!
2026-02-16,PRICE_ABOVE,1000,1000.2301484443536,Kopargaon कांदा भाव Rs 1000/qtl झाला आहे (तुमचा लक्ष्य: Rs 1000) - विकण्याची चांगली वेळ!
2026-02-28,PRICE_BELOW,750,745.6022904345946,WARNING: Kopargaon onion price dropped to Rs 746/qtl (your alert: below Rs 750)
2026-04-08,PRICE_BELOW,750,719.1532771210836,WARNING: Kopargaon onion price dropped to Rs 719/qtl (your alert: below Rs 750)
2026-04-09,PRICE_BELOW,750,717.3007526809238,WARNING: Kopargaon onion price dropped to Rs 717/qtl (your alert: below Rs 750)
2026-04-10,PRICE_BELOW,750,725.5273742123865,WARNING: Kopargaon onion price dropped to Rs 726/qtl (your alert: below Rs 750)
2026-04-11,PRICE_BELOW,750,694.8412131340921,WARNING: Kopargaon onion price dropped to Rs 695/qtl (your alert: below Rs 750)
2026-04-13,PRICE_BELOW,750,679.4190295376291,WARNING: Kopargaon onion price dropped to Rs 679/qtl (your alert: below Rs 750)
2026-04-14,PRICE_BELOW,750,723.2222881741118,WARNING: Kopargaon onion price dropped to Rs 723/qtl (your alert: below Rs 750)
2026-04-15,PRICE_BELOW,750,576.4643477378619,WARNING: Kopargaon onion price dropped to Rs 576/qtl (your alert: below Rs 750)
2026-04-16,PRICE_BELOW,750,599.1157870965129,WARNING: Kopargaon onion price dropped to Rs 599/qtl (your alert: below Rs 750)
2026-04-25,PRICE_ABOVE,1000,1008.1321306401268,Kopargaon कांदा भाव Rs 1008/qtl झाला आहे (तुमचा लक्ष्य: Rs 1000) - विकण्याची चांगली वेळ!
