mandi,date,ArrivalQty,roll_mean,roll_std,glut_zscore,supply_flag
KOPARGAON,2024-01-02,244.0,,,,INSUFFICIENT_HISTORY
KOPARGAON,2024-01-03,357.0,,,,INSUFFICIENT_HISTORY
KOPARGAON,2024-01-04,288.0,,,,INSUFFICIENT_HISTORY
KOPARGAON,2024-01-05,290.0,,,,INSUFFICIENT_HISTORY
KOPARGAON,2024-01-06,286.0,,,,INSUFFICIENT_HISTORY
KOPARGAON,2024-01-09,422.0,,,,INSUFFICIENT_HISTORY
KOPARGAON,2024-01-10,482.0,,,,INSUFFICIENT_HISTORY
KOPARGAON,2024-01-11,380.0,,,,INSUFFICIENT_HISTORY
KOPARGAON,2024-01-12,452.0,,,,INSUFFICIENT_HISTORY
KOPARGAON,2024-01-13,502.0,,,,INSUFFICIENT_HISTORY
KOPARGAON,2024-01-16,242.0,370.3,91.72428492195752,-1.3987571569422699,LOW_SUPPLY
KOPARGAON,2024-01-17,372.0,358.6363636363636,95.22843349260002,0.14033241830734128,NORMAL
KOPARGAON,2024-01-18,262.0,359.75,90.87866536311928,-1.07560998623192,LOW_SUPPLY
KOPARGAON,2024-01-19,280.0,352.2307692307692,91.13557103399476,-0.7925639617030128,NORMAL
KOPARGAON,2024-01-20,418.0,347.07142857142856,89.66301380143344,0.7910571864743354,NORMAL
KOPARGAON,2024-01-23,252.0,351.8,88.32100542905974,-1.1299690205651056,LOW_SUPPLY
KOPARGAON,2024-01-24,400.0,345.5625,88.89917041232724,0.6123510461066283,NORMAL
KOPARGAON,2024-01-25,422.0,348.7647058823529,87.08295571735371,0.840983100703975,NORMAL
KOPARGAON,2024-01-27,406.0,352.8333333333333,86.2283220839404,0.6165800908767621,NORMAL
KOPARGAON,2024-01-30,176.0,355.63157894736844,84.68189530125589,-2.121251281732996,LOW_SUPPLY
KOPARGAON,2024-01-31,162.0,346.65,91.68956492311146,-2.0138605756810253,LOW_SUPPLY
KOPARGAON,2024-02-01,122.0,337.85714285714283,98.03177327493658,-2.201910009847085,LOW_SUPPLY
KOPARGAON,2024-02-02,156.0,328.04545454545456,106.16271306358766,-1.6205826846418807,LOW_SUPPLY
KOPARGAON,2024-02-03,264.0,320.5652173913044,109.75047156119712,-0.515398399539117,NORMAL
KOPARGAON,2024-02-06,320.0,318.2083333333333,107.95731006792198,0.016596066218577028,NORMAL
KOPARGAON,2024-02-07,352.0,318.28,105.68487750540913,0.31906173140309674,NORMAL
KOPARGAON,2024-02-08,316.0,319.5769230769231,103.76056016692395,-0.03447285819552968,NORMAL
KOPARGAON,2024-02-09,314.0,319.44444444444446,101.74792885184948,-0.053509142700799976,NORMAL
KOPARGAON,2024-02-10,330.0,319.25,99.85123193290364,0.10766016394493365,NORMAL
KOPARGAON,2024-02-13,314.0,319.62068965517244,98.07228157738098,-0.05731170484432552,NORMAL
KOPARGAON,2024-02-14,296.0,319.43333333333334,96.37201029249151,-0.24315497064150238,NORMAL
KOPARGAON,2024-02-15,322.0,321.1666666666667,95.43153651136262,0.00873226360799601,NORMAL
KOPARGAON,2024-02-16,220.0,320.0,95.19200198220072,-1.0505084242129743,LOW_SUPPLY
KOPARGAON,2024-02-17,346.0,317.73333333333335,96.7766477009298,0.29208148182627197,NORMAL
KOPARGAON,2024-02-20,210.0,319.6,96.76334444192287,-1.1326603129740074,LOW_SUPPLY
KOPARGAON,2024-02-21,252.0,317.06666666666666,98.6498277025719,-0.6595720254356847,NORMAL
KOPARGAON,2024-02-22,266.0,311.4,97.28755812290305,-0.46665782219188096,NORMAL
KOPARGAON,2024-02-23,318.0,304.2,92.07995026811922,0.14986975948419876,NORMAL
KOPARGAON,2024-02-24,424.0,302.1333333333333,91.00956120037638,1.339053447344417,HIGH_SUPPLY
KOPARGAON,2024-02-27,424.0,301.2,89.55152629670229,1.371277577035804,HIGH_SUPPLY
KOPARGAON,2024-02-28,478.0,298.6,84.51100724064045,2.1228004002977783,HIGH_SUPPLY
KOPARGAON,2024-02-29,372.0,306.46666666666664,89.87452300322639,0.7291647415027815,NORMAL
KOPARGAON,2024-03-01,502.0,306.46666666666664,89.87452300322639,2.1756258258674035,HIGH_SUPPLY
KOPARGAON,2024-03-02,472.0,314.46666666666664,96.23632310649377,1.6369425623110017,HIGH_SUPPLY
KOPARGAON,2024-03-05,410.0,320.8666666666667,100.16907545825165,0.8898288511256371,NORMAL
KOPARGAON,2024-03-06,314.0,320.6,99.91189221957788,-0.06605820241593566,NORMAL
KOPARGAON,2024-03-07,400.0,322.6666666666667,99.08176119901606,0.7805001889096546,NORMAL
KOPARGAON,2024-03-09,548.0,322.6666666666667,99.08176119901606,2.2742160676850283,HIGH_SUPPLY
KOPARGAON,2024-03-12,542.0,326.8666666666667,105.87524647476363,2.031951192525558,HIGH_SUPPLY
KOPARGAON,2024-03-13,560.0,331.4,112.10850655226525,2.0390959350923668,HIGH_SUPPLY
KOPARGAON,2024-03-14,510.0,344.2,115.62048500038445,1.434001941779164,HIGH_SUPPLY
KOPARGAON,2024-03-15,344.0,355.8,114.15820842902241,-0.10336532223468305,NORMAL
KOPARGAON,2024-03-16,476.0,363.2,105.33441000468206,1.0708751299312933,HIGH_SUPPLY
KOPARGAON,2024-03-19,332.0,373.8666666666667,99.67939410527825,-0.42001325391733835,NORMAL
KOPARGAON,2024-03-20,188.0,376.1333333333333,97.85130638330547,-1.922645085558418,LOW_SUPPLY
KOPARGAON,2024-03-21,206.0,371.73333333333335,103.2796449329259,-1.6047047164130692,LOW_SUPPLY
KOPARGAON,2024-03-22,298.0,366.8666666666667,107.59141528801517,-0.6400758506830226,NORMAL
KOPARGAON,2024-03-23,422.0,366.26666666666665,107.93450547097694,0.5163625208652091,NORMAL
KOPARGAON,2024-04-04,284.0,369.8666666666667,107.93220520095107,-0.795561125678826,NORMAL
KOPARGAON,2024-04-05,378.0,368.3333333333333,108.84102083356228,0.08881455348943094,NORMAL
KOPARGAON,2024-04-06,740.0,370.46666666666664,108.3655159978083,3.41006389284214,HIGH_SUPPLY
KOPARGAON,2024-04-09,542.0,385.26666666666665,126.62568605072221,1.2377688778764127,HIGH_SUPPLY
KOPARGAON,2024-04-13,948.0,392.6,129.18006678730424,4.299424933062385,HIGH_SUPPLY
KOPARGAON,2024-04-19,1012.0,416.8666666666667,160.2744915564486,3.713213048152005,HIGH_SUPPLY
KOPARGAON,2024-04-24,926.0,439.06666666666666,192.92001796945095,2.524016628541055,HIGH_SUPPLY
KOPARGAON,2024-04-25,876.0,462.93333333333334,207.35359327409327,1.9920882977930778,HIGH_SUPPLY
KOPARGAON,2024-04-26,702.0,483.73333333333335,216.55785773581704,1.0078907731574174,HIGH_SUPPLY
KOPARGAON,2024-04-27,1002.0,498.26666666666665,216.07133773017114,2.331328803834191,HIGH_SUPPLY
KOPARGAON,2024-04-30,782.0,521.0666666666667,231.9017231402178,1.125189281907844,HIGH_SUPPLY
KOPARGAON,2024-05-02,554.0,533.0,235.91100016743584,0.08901662061156719,NORMAL
KOPARGAON,2024-05-03,664.0,537.3333333333334,235.03210834697225,0.5389334570392896,NORMAL
KOPARGAON,2024-05-04,1282.0,543.5333333333333,235.86476741079207,3.130890106111193,HIGH_SUPPLY
KOPARGAON,2024-05-07,1192.0,573.8666666666667,269.2031322937783,2.296159513696785,HIGH_SUPPLY
KOPARGAON,2024-05-08,696.9,596.8666666666667,291.4111603350427,0.343272142420086,NORMAL
KOPARGAON,2024-05-09,728.0,604.3633333333333,290.9806516654982,0.4248965213288315,NORMAL
KOPARGAON,2024-05-10,220.8,614.9633333333334,289.4442099579136,-1.3617938095588313,LOW_SUPPLY
KOPARGAON,2024-05-14,720.0,611.8566666666667,293.2609073531777,0.36876150425018966,NORMAL
KOPARGAON,2024-05-15,706.0,622.5233333333333,291.1010746178688,0.28676179494097476,NORMAL
KOPARGAON,2024-05-16,536.0,627.7900000000001,291.13557257863476,-0.3152826677516637,NORMAL
KOPARGAON,2024-05-17,533.2,627.59,291.19859362818755,-0.32414304898917334,NORMAL
KOPARGAON,2024-05-18,694.4,626.6966666666667,291.4540911187985,0.2322950179681539,NORMAL
KOPARGAON,2024-05-21,579.2,632.8433333333334,290.8519776192992,-0.18443516792431075,NORMAL
KOPARGAON,2024-05-22,620.8,640.6833333333333,285.9258694418744,-0.0695401691779253,NORMAL
KOPARGAON,2024-05-24,640.0,645.51,284.2673782028896,-0.01938315973796807,NORMAL
KOPARGAON,2024-05-25,654.4,655.7766666666666,278.04800092086936,-0.004951183472304322,NORMAL
KOPARGAON,2024-05-28,574.4,671.3233333333334,263.6576904105842,-0.3676104921589745,NORMAL
KOPARGAON,2024-05-29,632.0,683.6033333333332,249.43317325396004,-0.20688239924203417,NORMAL
KOPARGAON,2024-05-30,622.4,694.7366666666666,238.85825905657947,-0.30284348111878295,NORMAL
KOPARGAON,2024-05-31,638.4,701.4166666666666,233.7146360242632,-0.26963081019934304,NORMAL
KOPARGAON,2024-06-01,806.4,713.23,220.46981050662555,0.42259754197593424,NORMAL
KOPARGAON,2024-06-04,481.6,727.51,211.7077627133763,-1.1615540065620025,LOW_SUPPLY
KOPARGAON,2024-06-05,616.0,718.8966666666668,216.38687971465248,-0.4755217451370236,NORMAL
KOPARGAON,2024-06-06,755.2,721.3633333333333,214.7161662694988,0.1575878856936974,NORMAL
KOPARGAON,2024-06-07,832.0,714.9366666666666,210.5435993562494,0.5560051870076415,NORMAL
KOPARGAON,2024-06-08,1952.6,708.9366666666666,204.25700592945196,6.088718120948471,HIGH_SUPPLY
KOPARGAON,2024-06-11,1406.4,743.1566666666666,303.6762428496246,2.1840474813229314,HIGH_SUPPLY
KOPARGAON,2024-06-12,576.0,760.8366666666666,326.27603342646165,-0.5665039651413022,NORMAL
KOPARGAON,2024-06-13,432.0,756.6366666666667,327.86661973023894,-0.9901485760696536,NORMAL
KOPARGAON,2024-06-14,532.8,737.6366666666667,329.66832285185336,-0.6213416712127249,NORMAL
KOPARGAON,2024-06-15,873.6,729.33,331.645574371195,0.4350125891881358,NORMAL
KOPARGAON,2024-06-18,734.4,739.9833333333333,330.95177488397064,-0.016870534491893414,NORMAL
KOPARGAON,2024-06-19,1051.2,742.33,330.64387254004214,0.9341470556439686,NORMAL
KOPARGAON,2024-06-20,990.4,734.6366666666667,320.17328765285305,0.7988278322913808,NORMAL
KOPARGAON,2024-06-21,924.8,727.9166666666666,312.2607222789327,0.6305094406252723,NORMAL
KOPARGAON,2024-06-22,889.6,735.5133333333332,314.2459905467569,0.4903377331833933,NORMAL
KOPARGAON,2024-06-25,452.8,740.9,315.49531391678084,-0.9131672874101483,NORMAL
KOPARGAON,2024-06-26,593.6,748.6333333333333,304.97512429177135,-0.5083474715957885,NORMAL
KOPARGAON,2024-06-27,609.6,744.42,306.2547884495451,-0.44022168823071733,NORMAL
KOPARGAON,2024-06-28,531.2,741.2066666666667,307.17615066966,-0.6836685276797734,NORMAL
KOPARGAON,2024-06-29,608.0,741.0466666666666,307.2879529415175,-0.4329706563276427,NORMAL
KOPARGAON,2024-07-02,715.2,743.5399999999998,305.84339986564873,-0.09266180016455819,NORMAL
KOPARGAON,2024-07-03,820.8,744.2333333333333,305.7517229582751,0.2504210472662337,NORMAL
KOPARGAON,2024-07-04,745.6,752.2866666666666,304.433908498508,-0.021964263769583936,NORMAL
KOPARGAON,2024-07-05,696.0,756.4466666666667,303.42623569122514,-0.1992137117904956,NORMAL
KOPARGAON,2024-07-06,808.0,758.3133333333334,302.85687837922546,0.1640598916972621,NORMAL
KOPARGAON,2024-07-09,628.8,763.4333333333333,302.33748707686544,-0.44530810464500725,NORMAL
KOPARGAON,2024-07-10,646.4,765.2466666666667,301.32607007317984,-0.3944121616752366,NORMAL
KOPARGAON,2024-07-11,726.4,765.7266666666668,301.11789183243326,-0.13060222502006427,NORMAL
KOPARGAON,2024-07-12,649.6,769.1933333333333,300.0075331621237,-0.39863443451836644,NORMAL
KOPARGAON,2024-07-13,699.2,769.5666666666667,299.84608503804657,-0.23467595602503216,NORMAL
KOPARGAON,2024-07-18,892.8,765.9933333333333,300.03070409926147,0.4226456323773922,NORMAL
KOPARGAON,2024-07-19,830.4,779.7,295.95540554104645,0.17130959276555022,NORMAL
KOPARGAON,2024-07-20,937.6,786.8466666666666,294.4509217736176,0.5119811900240441,NORMAL
KOPARGAON,2024-07-23,924.8,792.9266666666667,295.6556173860963,0.4460369618518697,NORMAL
KOPARGAON,2024-07-24,654.4,796.0200000000001,296.56259838121946,-0.4775383031205885,NORMAL
KOPARGAON,2024-07-25,680.0,752.7466666666666,201.4373655255768,-0.36113789751400316,NORMAL
KOPARGAON,2024-07-26,868.8,728.5333333333333,159.43587908695355,0.8797685155307335,NORMAL
KOPARGAON,2024-07-27,902.4,738.2933333333334,158.73690862845768,1.0338280371251114,HIGH_SUPPLY
KOPARGAON,2024-07-30,649.6,753.9733333333334,150.45497650135326,-0.6937180528049502,NORMAL
KOPARGAON,2024-07-31,555.2,757.8666666666667,145.9789435296158,-1.3883280818890855,LOW_SUPPLY
KOPARGAON,2024-08-01,731.2,747.2533333333333,148.82134564483687,-0.10786983052582169,NORMAL
KOPARGAON,2024-08-02,876.4,747.1466666666666,148.83202226192614,0.8684510992255637,NORMAL
KOPARGAON,2024-08-03,905.6,741.32,139.65692545515236,1.17631116011325,HIGH_SUPPLY
KOPARGAON,2024-08-06,814.4,738.4933333333333,135.2296920398593,0.5613165682895511,NORMAL
KOPARGAON,2024-08-07,937.6,734.8133333333334,131.43379015839906,1.542880764697387,HIGH_SUPPLY
KOPARGAON,2024-08-08,64.3,736.4133333333333,133.65641936241366,-5.028664814900335,LOW_SUPPLY
KOPARGAON,2024-08-09,680.0,723.4633333333333,174.62529832785322,-0.2488948265201087,NORMAL
KOPARGAON,2024-08-10,992.0,726.3433333333334,173.11562746113984,1.5345620182458684,HIGH_SUPPLY
KOPARGAON,2024-08-13,1028.8,739.0899999999999,178.22609884734786,1.625519505132293,HIGH_SUPPLY
KOPARGAON,2024-08-14,833.6,755.6766666666667,181.33906455403675,0.42971068327151934,NORMAL
KOPARGAON,2024-08-16,726.4,763.1966666666667,179.67393548301266,-0.20479690928874708,NORMAL
KOPARGAON,2024-08-17,710.4,763.57,179.5823798091862,-0.2960758179978204,NORMAL
KOPARGAON,2024-08-20,492.8,759.89,179.50032244712114,-1.4879639008931687,LOW_SUPPLY
KOPARGAON,2024-08-21,721.6,751.4633333333333,186.01012297876287,-0.16054681785648184,NORMAL
KOPARGAON,2024-08-22,862.4,752.3166666666667,185.80551582943778,0.5924653681131052,NORMAL
KOPARGAON,2024-08-23,728.0,754.1299999999999,186.6313037829504,-0.14000866666177667,NORMAL
KOPARGAON,2024-08-24,428.8,757.4366666666666,185.20754524611496,-1.774423748395101,LOW_SUPPLY
KOPARGAON,2024-08-27,787.2,750.1833333333333,193.76913046081415,0.19103490106311144,NORMAL
KOPARGAON,2024-08-28,938.6,752.2099999999999,193.8297481705578,0.9616170983000443,NORMAL
KOPARGAON,2024-08-29,852.8,761.8433333333334,195.72654689877743,0.4647129789384474,NORMAL
KOPARGAON,2024-08-30,635.2,766.9633333333334,196.04011286105325,-0.6721243495035264,NORMAL
KOPARGAON,2024-08-31,648.0,758.3766666666667,195.97984006688918,-0.5632041878848069,NORMAL
KOPARGAON,2024-09-03,846.4,752.2966666666667,196.49703776539354,0.47890459013273956,NORMAL
KOPARGAON,2024-09-04,814.4,749.2566666666665,194.22368491409327,0.33540365255734317,NORMAL
KOPARGAON,2024-09-05,617.6,745.5766666666666,191.8138711379324,-0.6671919288602396,NORMAL
KOPARGAON,2024-09-06,833.6,744.35,192.5333804466298,0.4635559807497385,NORMAL
KOPARGAON,2024-09-10,832.0,749.47,192.80526024802887,0.428048487338113,NORMAL
KOPARGAON,2024-09-11,737.6,748.2433333333333,192.13578116087237,-0.05539485289531686,NORMAL
KOPARGAON,2024-09-12,636.8,742.75,189.91942892384236,-0.5578681475631752,NORMAL
KOPARGAON,2024-09-13,660.8,742.3233333333333,190.1501506221044,-0.4287313634336741,NORMAL
KOPARGAON,2024-09-14,857.6,745.8433333333335,187.52604542474486,0.5959527723924357,NORMAL
KOPARGAON,2024-09-18,512.1,750.0566666666667,188.60258103937082,-1.2616829809820747,LOW_SUPPLY
KOPARGAON,2024-09-19,336.0,737.9133333333333,191.8866399067753,-2.0945352606549146,LOW_SUPPLY
KOPARGAON,2024-09-20,486.4,718.9266666666666,202.6032898485883,-1.14769442707688,LOW_SUPPLY
KOPARGAON,2024-09-21,895.2,707.9933333333333,206.09355581173872,0.9083576918711388,NORMAL
KOPARGAON,2024-09-23,302.4,706.58,204.6046859611021,-1.9754190775319767,LOW_SUPPLY
KOPARGAON,2024-09-24,572.8,714.5166666666667,182.22545732923925,-0.7776996076383415,NORMAL
KOPARGAON,2024-09-25,609.6,710.9433333333334,183.96837749879748,-0.5508736594363659,NORMAL
KOPARGAON,2024-09-26,425.6,698.1966666666667,176.93656077879925,-1.5406463506853105,LOW_SUPPLY
KOPARGAON,2024-09-27,576.0,678.0899999999999,172.28403642501647,-0.5925679599713393,NORMAL
KOPARGAON,2024-09-28,604.8,669.5033333333333,170.678056451387,-0.3790957940264709,NORMAL
KOPARGAON,2024-09-30,129.6,665.45,170.72415490774986,-3.1386888415968115,LOW_SUPPLY
KOPARGAON,2024-10-01,427.2,646.09,196.44476340428469,-1.114257240594003,LOW_SUPPLY
KOPARGAON,2024-10-03,412.8,643.9033333333334,198.56358051200377,-1.1638757356078322,LOW_SUPPLY
KOPARGAON,2024-10-04,400.0,633.61,202.36453681072823,-1.154401871403465,LOW_SUPPLY
KOPARGAON,2024-10-05,791.6,618.1966666666667,201.94676745384507,0.8586586233570915,NORMAL
KOPARGAON,2024-10-09,446.4,620.3166666666667,203.4673168422595,-0.8547646342704649,NORMAL
KOPARGAON,2024-10-10,457.6,620.9033333333333,202.9207055653177,-0.8047642692665877,NORMAL
KOPARGAON,2024-10-11,521.6,609.9166666666666,202.52881971732288,-0.4360696259916663,NORMAL
KOPARGAON,2024-10-14,265.6,596.0166666666667,193.29186094025548,-1.7094184155472278,LOW_SUPPLY
KOPARGAON,2024-10-15,648.0,576.4433333333333,196.1029456659194,0.36489337997283594,NORMAL
KOPARGAON,2024-10-16,508.8,576.87,196.24906263777888,-0.3468551598926017,NORMAL
KOPARGAON,2024-10-17,510.4,572.2299999999999,196.15487398024771,-0.31521011303663066,NORMAL
KOPARGAON,2024-10-18,446.4,561.03,189.43799485993222,-0.6051056446451294,NORMAL
KOPARGAON,2024-10-19,476.8,548.7633333333334,184.31096377539805,-0.3904452120440767,NORMAL
KOPARGAON,2024-10-21,148.8,544.07,184.29032782822458,-2.144822273952585,LOW_SUPPLY
KOPARGAON,2024-10-22,324.8,521.2433333333333,189.5278956509703,-1.0364877036101237,LOW_SUPPLY
KOPARGAON,2024-10-23,372.8,504.33666666666664,183.37347321289676,-0.717315674737493,NORMAL
KOPARGAON,2024-10-24,382.4,492.1766666666667,179.42467766175045,-0.6118259098874712,NORMAL
KOPARGAON,2024-10-25,518.4,483.69666666666666,178.36237132799957,0.19456644961013445,NORMAL
KOPARGAON,2024-10-26,588.8,478.95,175.35616318087403,0.6264393449729699,NORMAL
KOPARGAON,2024-11-05,176.0,469.99,161.67511985246966,-1.8183997653335229,LOW_SUPPLY
KOPARGAON,2024-11-06,233.6,458.78666666666663,170.08293257709045,-1.3239815615514525,LOW_SUPPLY
KOPARGAON,2024-11-07,220.8,455.3733333333333,173.62274388858853,-1.3510518730417942,LOW_SUPPLY
KOPARGAON,2024-11-08,300.8,446.52000000000004,178.68402163094217,-0.8155177987932981,NORMAL
KOPARGAON,2024-11-09,344.0,426.70666666666665,159.0982063518252,-0.5198466316067165,NORMAL
KOPARGAON,2024-11-11,115.6,428.0933333333333,158.15591376066658,-1.9758561403288515,LOW_SUPPLY
KOPARGAON,2024-11-12,275.2,412.85333333333335,165.5846314152364,-0.8313170863553166,NORMAL
KOPARGAON,2024-11-13,273.6,401.7066666666667,163.1206004735476,-0.7853494058675996,NORMAL
KOPARGAON,2024-11-14,241.6,396.64,164.70578492028466,-0.9413148425541776,NORMAL
KOPARGAON,2024-11-16,323.2,385.4933333333333,163.45956145140374,-0.3810932366403846,NORMAL
KOPARGAON,2024-11-18,64.0,376.1066666666667,158.4399787003738,-1.969873192528587,LOW_SUPPLY
KOPARGAON,2024-11-19,249.6,373.92,162.3634883365955,-0.7656893878891812,NORMAL
KOPARGAON,2024-11-21,102.4,368.0,163.58699889323955,-1.6236009083664185,LOW_SUPPLY
KOPARGAON,2024-11-22,102.4,357.65333333333336,170.33285817690273,-1.4985560394239068,LOW_SUPPLY
KOPARGAON,2024-11-23,72.8,347.73333333333335,176.34155989762215,-1.559095504729289,LOW_SUPPLY
KOPARGAON,2024-11-25,30.4,323.7733333333333,162.21976352516717,-1.8084931635831085,LOW_SUPPLY
KOPARGAON,2024-11-26,100.8,309.90666666666664,169.01381076671015,-1.2372164482776893,LOW_SUPPLY
KOPARGAON,2024-11-27,51.2,298.0133333333333,170.8067182183008,-1.4449860983681666,LOW_SUPPLY
KOPARGAON,2024-11-28,57.6,282.33333333333326,171.16467838440573,-1.31296559228547,LOW_SUPPLY
KOPARGAON,2024-12-02,32.0,275.4,176.0099918793805,-1.382876036758196,LOW_SUPPLY
KOPARGAON,2024-12-03,150.4,254.86666666666667,166.73024534452043,-0.6265609844860698,NORMAL
KOPARGAON,2024-12-04,163.2,242.92,160.63663514816426,-0.49627533548912883,NORMAL
KOPARGAON,2024-12-05,139.2,231.34666666666666,153.02819152789843,-0.6021548431477576,NORMAL
KOPARGAON,2024-12-06,107.2,221.10666666666665,148.3482085786885,-0.7678331120948252,NORMAL
KOPARGAON,2024-12-07,94.4,208.7866666666667,141.57375495463262,-0.8079651959738015,NORMAL
KOPARGAON,2024-12-09,54.4,206.97333333333333,142.71239207081862,-1.0690966013492464,LOW_SUPPLY
KOPARGAON,2024-12-10,136.0,197.95999999999998,143.55057645304092,-0.4316248776630213,NORMAL
KOPARGAON,2024-12-11,140.8,190.06666666666663,140.07352092514907,-0.35172005630523984,NORMAL
KOPARGAON,2024-12-12,235.2,182.01333333333332,135.50500113772074,0.3925070382650328,NORMAL
KOPARGAON,2024-12-13,219.2,172.57333333333332,120.27066868994623,0.38768111273138967,NORMAL
KOPARGAON,2024-12-14,344.0,160.25333333333336,91.70077175373319,2.0037635796580546,HIGH_SUPPLY
KOPARGAON,2024-12-16,264.0,165.85333333333335,97.63337379278308,1.0052573505753575,HIGH_SUPPLY
KOPARGAON,2024-12-17,398.4,166.86666666666667,98.51454411557326,2.3502451887886506,HIGH_SUPPLY
KOPARGAON,2024-12-18,384.0,172.7866666666667,106.85082005827944,1.9767123286291264,HIGH_SUPPLY
KOPARGAON,2024-12-19,470.4,175.56,111.27610147116523,2.649625535959321,HIGH_SUPPLY
KOPARGAON,2024-12-20,24.9,179.77333333333334,119.93026402824863,-1.291361564057377,LOW_SUPPLY
KOPARGAON,2024-12-21,393.6,176.75,122.71470909221347,1.7671068252873334,HIGH_SUPPLY
KOPARGAON,2024-12-23,177.6,180.69666666666666,127.78920272594904,-0.024232615906585125,NORMAL
KOPARGAON,2024-12-24,300.8,177.49666666666664,126.57881416494101,0.974122993225869,NORMAL
KOPARGAON,2024-12-26,297.6,179.47,128.065358179008,0.9224196276004595,NORMAL
KOPARGAON,2024-12-27,318.4,178.61666666666667,127.1566887967263,1.0992998847020314,HIGH_SUPPLY
KOPARGAON,2024-12-28,348.8,187.0966666666667,127.73099017300022,1.2659678995232135,HIGH_SUPPLY
KOPARGAON,2024-12-30,204.8,190.40333333333334,130.65541012680134,0.1101880637984656,NORMAL
KOPARGAON,2024-12-31,329.6,193.81666666666666,129.61047766110806,1.0476262088036234,HIGH_SUPPLY
KOPARGAON,2025-01-01,414.4,201.39,130.71775952475917,1.6295413934145184,HIGH_SUPPLY
KOPARGAON,2025-01-02,459.2,212.77666666666664,133.96796241647976,1.8394198798609191,HIGH_SUPPLY
KOPARGAON,2025-01-03,500.8,227.07000000000002,136.6860564742545,2.0026183142649843,HIGH_SUPPLY
KOPARGAON,2025-01-04,368.0,240.4033333333333,143.29375779491872,0.8904551644830362,NORMAL
KOPARGAON,2025-01-06,315.2,250.9633333333333,140.51598628732307,0.45714845950209093,NORMAL
KOPARGAON,2025-01-07,451.2,259.55,136.09360052349479,1.408221982979384,HIGH_SUPPLY
KOPARGAON,2025-01-08,480.0,273.5233333333333,133.4186661275875,1.5475845521436578,HIGH_SUPPLY
KOPARGAON,2025-01-09,412.8,284.51,136.46620486027228,0.9400862296372653,NORMAL
KOPARGAON,2025-01-10,502.4,292.83,136.42394154834585,1.5361673150730122,HIGH_SUPPLY
KOPARGAON,2025-01-11,740.8,304.93666666666667,138.4213370121462,3.148816091084911,HIGH_SUPPLY
KOPARGAON,2025-01-16,372.8,326.0566666666666,154.60170780903917,0.3023468110136907,NORMAL
KOPARGAON,2025-01-17,296.0,335.3366666666667,148.45009955359245,-0.26498242025405744,NORMAL
KOPARGAON,2025-01-18,456.0,343.39000000000004,138.93211031241952,0.8105397646863026,NORMAL
KOPARGAON,2025-01-20,224.0,354.0566666666667,134.67955245906836,-0.9656749246044111,NORMAL
KOPARGAON,2025-01-21,326.4,356.83,130.9414798218321,-0.23239389108329261,NORMAL
KOPARGAON,2025-01-22,436.8,359.87,129.06551971502913,0.5960538505548034,NORMAL
KOPARGAON,2025-01-23,398.4,367.1233333333333,126.98509193882906,0.2463018783475246,NORMAL
KOPARGAON,2025-01-24,368.0,368.93666666666667,127.03191150348839,-0.007373475338446323,NORMAL
KOPARGAON,2025-01-25,387.2,372.40333333333336,125.47904477705087,0.11792141622497287,NORMAL
KOPARGAON,2025-01-27,276.8,372.03,125.41567616365359,-0.7593149669402998,NORMAL
KOPARGAON,2025-01-28,416.0,368.4566666666667,126.58458718439579,0.3755854831210763,NORMAL
KOPARGAON,2025-01-29,385.6,366.6433333333334,125.45851817078591,0.1510990799433886,NORMAL
KOPARGAON,2025-01-30,312.0,378.6666666666667,107.58947946688019,-0.6196392713953879,NORMAL
KOPARGAON,2025-01-31,344.0,375.94666666666666,108.22850581646493,-0.2951779332594886,NORMAL
KOPARGAON,2025-02-01,328.0,381.4933333333333,101.78494886815125,-0.5255524901095812,NORMAL
KOPARGAON,2025-02-03,272.0,382.4,101.1606029351699,-1.0913339461880358,LOW_SUPPLY
KOPARGAON,2025-02-04,236.8,381.5466666666667,102.00504292244285,-1.4190148106375624,LOW_SUPPLY
KOPARGAON,2025-02-05,203.2,378.8266666666667,104.79667977543104,-1.675880066458378,LOW_SUPPLY
KOPARGAON,2025-02-06,196.8,373.9733333333333,109.50113503846826,-1.6180045373145353,LOW_SUPPLY
KOPARGAON,2025-02-07,187.2,373.7066666666667,109.93620386178726,-1.6964990614115119,LOW_SUPPLY
KOPARGAON,2025-02-08,234.0,368.96,114.8697181067807,-1.174896240926993,LOW_SUPPLY
KOPARGAON,2025-02-13,131.2,362.94666666666666,117.10901415092917,-1.9788969136738987,LOW_SUPPLY
KOPARGAON,2025-02-14,99.2,352.0133333333333,122.9769805578535,-2.055777692593448,LOW_SUPPLY
KOPARGAON,2025-02-15,172.8,338.6266666666667,127.9786914734817,-1.2957365383051087,LOW_SUPPLY
KOPARGAON,2025-02-17,99.2,332.12,131.35151679945494,-1.7732570256925007,LOW_SUPPLY
KOPARGAON,2025-02-18,289.6,324.92,138.05966326443766,-0.25583142218990157,NORMAL
KOPARGAON,2025-02-20,324.8,319.53333333333336,136.10138546846994,0.03869664256934959,NORMAL
KOPARGAON,2025-02-21,209.6,314.36,132.6986879856154,-0.789457692387705,NORMAL
KOPARGAON,2025-02-22,180.1,307.5866666666667,132.68671875260767,-0.9608095509872666,NORMAL
KOPARGAON,2025-02-24,144.0,296.8433333333333,129.37585364258436,-1.1813899505202923,LOW_SUPPLY
KOPARGAON,2025-02-25,263.7,276.95,101.67501557955988,-0.1303171671474393,NORMAL
KOPARGAON,2025-02-27,267.2,273.31333333333333,100.06688016395549,-0.06109247458616575,NORMAL
KOPARGAON,2025-02-28,273.6,272.3533333333333,99.97983842732656,0.012469180649585715,NORMAL
KOPARGAON,2025-03-01,339.2,266.2733333333333,93.7806572708958,0.7776301509170482,NORMAL
KOPARGAON,2025-03-03,182.4,270.11333333333334,94.34683531170315,-0.9296902545119395,NORMAL
KOPARGAON,2025-03-04,352.6,265.31333333333333,95.04493940104035,0.9183725847660571,NORMAL
KOPARGAON,2025-03-05,403.2,262.50666666666666,90.96184093204927,1.546729176671289,HIGH_SUPPLY
KOPARGAON,2025-03-06,390.4,262.6666666666667,91.21299186551101,1.4003853039013312,HIGH_SUPPLY
KOPARGAON,2025-03-07,238.4,263.41333333333336,92.19141531331196,-0.27131955018073745,NORMAL
KOPARGAON,2025-03-08,568.0,258.4533333333333,89.25804023799058,3.4679975702056187,HIGH_SUPPLY
KOPARGAON,2025-03-10,566.4,268.16,105.65051234433741,2.822892131634654,HIGH_SUPPLY
KOPARGAON,2025-03-11,321.6,273.17333333333335,115.97195241577481,0.41757222895627955,NORMAL
KOPARGAON,2025-03-12,297.6,271.04,114.41065961912403,0.23214620113561893,NORMAL
KOPARGAON,2025-03-17,209.6,270.56,114.2630015238602,-0.5335060272092577,NORMAL
KOPARGAON,2025-03-18,489.6,266.08,113.91853532088392,1.9621038786216172,HIGH_SUPPLY
KOPARGAON,2025-03-19,571.2,271.46666666666664,120.57365279001353,2.485894110343804,HIGH_SUPPLY
KOPARGAON,2025-03-20,497.6,281.44,132.4123564397648,1.6324760453782312,HIGH_SUPPLY
KOPARGAON,2025-03-21,508.8,290.1333333333333,137.8308717066049,1.5864854075082229,HIGH_SUPPLY
KOPARGAON,2025-03-22,492.8,300.32,142.40154348253103,1.351670742414476,HIGH_SUPPLY
KOPARGAON,2025-03-24,139.2,310.18666666666667,145.2084606952072,-1.1775255095195036,LOW_SUPPLY
KOPARGAON,2025-03-25,212.8,308.5866666666667,146.86533060369834,-0.6522074765564488,NORMAL
KOPARGAON,2025-03-26,254.4,307.88,147.2869903190423,-0.3631006369548018,NORMAL
KOPARGAON,2025-03-27,361.6,311.9866666666667,143.8687877614679,0.3448512641643401,NORMAL
KOPARGAON,2025-04-04,254.4,320.73333333333335,138.35696045283518,-0.4794361853298003,NORMAL
KOPARGAON,2025-04-05,264.0,323.4533333333333,136.13262988549255,-0.43673095409485785,NORMAL
KOPARGAON,2025-04-07,244.8,328.94666666666666,129.9562969864756,-0.6474997258149306,NORMAL
KOPARGAON,2025-04-08,470.4,327.4533333333333,130.679409594451,1.0938729147176725,HIGH_SUPPLY
KOPARGAON,2025-04-09,504.0,332.3066666666667,133.25580774904648,1.2884491583036604,HIGH_SUPPLY
KOPARGAON,2025-04-11,489.6,342.12,134.73970154491974,1.094554895914126,HIGH_SUPPLY
KOPARGAON,2025-04-12,262.4,352.43666666666667,133.7516599531764,-0.6731629850290203,NORMAL
KOPARGAON,2025-04-15,259.2,356.3833333333333,129.05347216623488,-0.7530470254078143,NORMAL
KOPARGAON,2025-04-16,254.4,356.2333333333334,129.16747838083938,-0.7883821423925799,NORMAL
KOPARGAON,2025-04-17,273.6,355.8066666666667,129.4924466798225,-0.6348375428408373,NORMAL
KOPARGAON,2025-04-19,366.4,355.8066666666667,129.4924466798225,0.08180657331717524,NORMAL
KOPARGAON,2025-04-21,121.6,356.71333333333337,129.46738301351448,-1.8160043700643198,LOW_SUPPLY
KOPARGAON,2025-04-22,211.2,354.68666666666667,132.72504826437947,-1.0810820454994357,LOW_SUPPLY
KOPARGAON,2025-04-23,262.4,349.9733333333333,135.28766524637916,-0.6473120308037627,NORMAL
KOPARGAON,2025-04-24,289.6,345.28,135.8187189373886,-0.40995821809855243,NORMAL
KOPARGAON,2025-04-25,259.2,341.92,135.9108186300484,-0.6086344033079906,NORMAL
KOPARGAON,2025-04-26,368.0,342.6133333333334,135.4166692060133,0.18747076571529853,NORMAL
KOPARGAON,2025-04-28,164.8,335.9466666666667,128.694312317945,-1.3298697011864928,LOW_SUPPLY
KOPARGAON,2025-04-29,376.0,322.56,124.72188536762684,0.42847331759363405,NORMAL
KOPARGAON,2025-05-02,384.0,324.37333333333333,125.1023275875248,0.47662315974856917,NORMAL
KOPARGAON,2025-05-03,475.2,327.25333333333333,125.45872719697634,1.179245716676076,HIGH_SUPPLY
KOPARGAON,2025-05-05,171.2,336.1066666666667,126.23887300460002,-1.306306549969419,LOW_SUPPLY
KOPARGAON,2025-05-06,300.8,325.4933333333333,126.27365721221271,-0.19555411539110015,NORMAL
KOPARGAON,2025-05-07,412.8,316.47999999999996,117.47440631018875,0.8199232754211081,NORMAL
KOPARGAON,2025-05-08,387.2,313.65333333333336,113.93286508785215,0.6455263510660927,NORMAL
KOPARGAON,2025-05-09,254.4,309.6,108.79817442687619,-0.5073614542778953,NORMAL
KOPARGAON,2025-05-10,376.0,301.65333333333336,103.53486080687578,0.7180834173848548,NORMAL
KOPARGAON,2025-05-13,449.6,309.5466666666667,99.67736827949825,1.4050665236327238,HIGH_SUPPLY
KOPARGAON,2025-05-15,275.2,317.44,101.11748578280002,-0.4177319053475219,NORMAL
KOPARGAON,2025-05-16,216.0,318.1333333333333,100.74094237828356,-1.0138215001982145,LOW_SUPPLY
KOPARGAON,2025-05-17,256.0,313.28,102.07309889114597,-0.5611664642521063,NORMAL
KOPARGAON,2025-05-19,144.0,313.3333333333333,102.04168632047748,-1.6594525182729356,LOW_SUPPLY
KOPARGAON,2025-05-20,219.2,309.3333333333333,106.30513444418237,-0.847873753272563,NORMAL
KOPARGAON,2025-05-21,190.4,308.47999999999996,106.94186109832155,-1.1041513471645876,LOW_SUPPLY
KOPARGAON,2025-05-22,227.2,299.14666666666665,104.51394143377851,-0.688393009388638,NORMAL
KOPARGAON,2025-05-23,185.6,289.92,97.80861819442985,-1.0665726796449209,LOW_SUPPLY
KOPARGAON,2025-05-24,233.6,279.7866666666667,91.9818712773255,-0.5021279304854955,NORMAL
KOPARGAON,2025-05-26,169.6,278.82666666666665,92.31926213374896,-1.1831405943043916,LOW_SUPPLY
KOPARGAON,2025-05-27,462.4,275.84000000000003,94.40196374345722,1.9762300761770963,HIGH_SUPPLY
KOPARGAON,2025-05-28,379.2,282.7733333333333,100.23128747305434,0.9620415849949999,NORMAL
KOPARGAON,2025-05-29,515.2,286.2933333333333,101.74092498150517,2.2498976366519,HIGH_SUPPLY
KOPARGAON,2025-05-30,660.8,291.2533333333333,109.13901206270512,3.386018067071617,HIGH_SUPPLY
KOPARGAON,2025-05-31,804.8,309.22666666666663,123.66802874362322,4.007287399726478,HIGH_SUPPLY
KOPARGAON,2025-06-02,323.2,329.0133333333333,151.74365801286953,-0.03831022271019918,NORMAL
KOPARGAON,2025-06-03,393.6,331.04,151.2284446880245,0.4136787899198306,NORMAL
KOPARGAON,2025-06-04,388.8,334.5066666666667,151.437614179919,0.358519471053135,NORMAL
KOPARGAON,2025-06-05,395.2,338.82666666666665,151.0633549058227,0.37317675996589716,NORMAL
KOPARGAON,2025-06-06,438.8,339.73333333333335,151.3258856843771,0.6546577686866584,NORMAL
KOPARGAON,2025-06-09,347.2,348.8666666666667,148.6486469157567,-0.011212121342828178,NORMAL
KOPARGAON,2025-06-10,619.2,347.9066666666667,148.5603440225291,1.8261490650034564,HIGH_SUPPLY
KOPARGAON,2025-06-11,684.8,355.74666666666667,156.52348889132546,2.1022616839431403,HIGH_SUPPLY
KOPARGAON,2025-06-12,782.4,362.73333333333335,166.405307718179,2.521954812747959,HIGH_SUPPLY
KOPARGAON,2025-06-13,550.4,383.1066666666667,179.07944477306737,0.9341850123855944,NORMAL
KOPARGAON,2025-06-14,769.6,391.4266666666666,180.91243630330004,2.0903667048036714,HIGH_SUPPLY
KOPARGAON,2025-06-16,369.6,403.32,193.6460233127129,-0.17413215837407928,NORMAL
KOPARGAON,2025-06-17,1552.0,402.73333333333335,193.72318917204692,5.932519857733681,HIGH_SUPPLY
KOPARGAON,2025-06-18,539.2,445.9866666666667,283.5134926343846,0.3287791789632393,NORMAL
KOPARGAON,2025-06-19,387.2,451.4266666666666,283.6899654653778,-0.2263973861793325,NORMAL
KOPARGAON,2025-06-20,568.0,449.34666666666664,283.93247343561194,0.41789278942847186,NORMAL
KOPARGAON,2025-06-21,636.8,459.1066666666667,282.76989906298735,0.6284025772267644,NORMAL
KOPARGAON,2025-06-23,400.0,473.1333333333333,280.72426689367023,-0.26051660635749024,NORMAL
KOPARGAON,2025-06-24,798.4,477.93333333333334,278.1024189076732,1.1523332588238215,HIGH_SUPPLY
KOPARGAON,2025-06-25,771.2,499.74666666666667,276.66738867098707,0.9811540660332243,NORMAL
KOPARGAON,2025-06-26,771.2,518.1466666666666,275.72000757056543,0.9177909704959263,NORMAL
KOPARGAON,2025-06-27,692.8,537.5066666666667,272.28268643697004,0.5703386262471071,NORMAL
KOPARGAON,2025-06-28,920.0,553.0266666666666,267.2076332449502,1.3733639599918448,HIGH_SUPPLY
KOPARGAON,2025-06-30,449.6,577.5066666666667,266.02350289392473,-0.4808096475508356,NORMAL
KOPARGAON,2025-07-01,681.6,584.7066666666666,259.23094075298593,0.37377225516324625,NORMAL
KOPARGAON,2025-07-03,814.4,601.7733333333333,247.55050885987194,0.8589223574855416,NORMAL
KOPARGAON,2025-07-04,491.2,613.5066666666665,249.05417072199955,-0.491084595419959,NORMAL
KOPARGAON,2025-07-05,992.0,617.24,246.24438323718567,1.521902733671803,HIGH_SUPPLY
KOPARGAON,2025-07-07,324.8,633.1333333333333,254.67406801545405,-1.2106977979188016,LOW_SUPPLY
KOPARGAON,2025-07-08,596.8,621.9333333333333,260.73161962306045,-0.0963954175165581,NORMAL
KOPARGAON,2025-07-09,822.4,615.0,258.4568049017087,0.8024551726501236,NORMAL
KOPARGAON,2025-07-10,732.8,631.64,255.06986953544214,0.39659721543842996,NORMAL
KOPARGAON,2025-07-11,894.4,642.9466666666666,251.64929034935346,0.999221309085561,NORMAL
KOPARGAON,2025-07-12,980.8,659.8,250.97127188254967,1.2790308531815648,HIGH_SUPPLY
KOPARGAON,2025-07-14,553.6,679.3199999999999,252.45059113719074,-0.4979984377682805,NORMAL
KOPARGAON,2025-07-15,899.2,683.1466666666668,249.53225723801455,0.8658332823369299,NORMAL
KOPARGAON,2025-07-16,883.2,701.5466666666666,244.20074801960192,0.7438688652941888,NORMAL
KOPARGAON,2025-07-17,884.8,710.3466666666666,245.8819393366536,0.7095003960192355,NORMAL
KOPARGAON,2025-07-18,851.2,717.0133333333332,247.8687023591223,0.5413618798562624,NORMAL
KOPARGAON,2025-07-19,976.0,719.3066666666667,248.81101945512503,1.0316799227601328,HIGH_SUPPLY
KOPARGAON,2025-07-21,510.4,733.4933333333333,250.97224318751753,-0.8889163618251041,NORMAL
KOPARGAON,2025-07-22,800.0,724.8533333333334,254.12815085596282,0.2957038266463403,NORMAL
KOPARGAON,2025-07-23,662.5,739.2,245.3793460099598,-0.31257724518055746,NORMAL
KOPARGAON,2025-07-24,582.4,709.55,191.63408513676958,-0.6635040938007077,NORMAL
KOPARGAON,2025-07-28,505.6,710.9899999999999,190.4686458947122,-1.078340212034352,LOW_SUPPLY
KOPARGAON,2025-07-30,741.2,714.9366666666667,184.6663953585286,0.14222042555356773,NORMAL
KOPARGAON,2025-07-31,827.2,720.7100000000002,182.61020168276585,0.5831547143515918,NORMAL
KOPARGAON,2025-08-01,899.2,727.0566666666666,182.90179328947397,0.9411790351387457,NORMAL
KOPARGAON,2025-08-02,1056.0,743.6966666666666,174.64244158364986,1.7882442005584709,HIGH_SUPPLY
KOPARGAON,2025-08-04,497.4,752.2833333333333,183.53130726697862,-1.3887730498348199,LOW_SUPPLY
KOPARGAON,2025-08-05,899.2,743.1566666666666,189.27605033359282,0.8244219649465009,NORMAL
KOPARGAON,2025-08-06,883.2,747.4233333333334,191.36120689875162,0.7095307814321294,NORMAL
KOPARGAON,2025-08-07,726.4,753.77,192.64022416285997,-0.1420783230446261,NORMAL
KOPARGAON,2025-08-11,347.2,747.3166666666667,190.1056658687531,-2.1047066895044724,LOW_SUPPLY
KOPARGAON,2025-08-12,619.2,743.9033333333334,196.44893779534482,-0.6347875164550186,NORMAL
KOPARGAON,2025-08-13,832.0,741.8233333333334,197.45910040647163,0.4566852906806372,NORMAL
KOPARGAON,2025-08-14,942.4,742.4100000000001,197.70815543152904,1.0115414792247208,HIGH_SUPPLY
KOPARGAON,2025-08-16,979.2,757.45,195.08357316094316,1.1366923232283486,HIGH_SUPPLY
KOPARGAON,2025-08-19,905.6,757.0233333333333,194.56621190764764,0.7636303611502174,NORMAL
KOPARGAON,2025-08-20,705.6,776.3833333333333,178.2905456780044,-0.39701114304271157,NORMAL
KOPARGAON,2025-08-21,947.2,780.01,175.59785237473815,0.95211870611723,NORMAL
KOPARGAON,2025-08-23,865.6,784.1700000000001,178.09722093128772,0.4572221822114604,NORMAL
KOPARGAON,2025-08-25,1241.6,788.5966666666667,178.42646410203182,2.5388797318445246,HIGH_SUPPLY
KOPARGAON,2025-08-26,862.4,800.17,195.9278106854655,0.3176169824094116,NORMAL
KOPARGAON,2025-08-28,627.2,796.2233333333334,193.33922249254704,-0.8742319905618164,NORMAL
KOPARGAON,2025-09-01,526.4,798.6766666666666,190.60193522795956,-1.4285094552740205,LOW_SUPPLY
KOPARGAON,2025-09-02,728.0,786.25,195.90117274472416,-0.29734380444932146,NORMAL
KOPARGAON,2025-09-03,636.8,781.0766666666667,195.3009767147793,-0.7387401184243473,NORMAL
KOPARGAON,2025-09-04,688.0,772.8100000000001,196.00657686009785,-0.43268956255755775,NORMAL
KOPARGAON,2025-09-08,460.8,767.3700000000001,196.02064484868987,-1.5639679189742708,LOW_SUPPLY
KOPARGAON,2025-09-09,648.0,750.1966666666667,199.64707565123922,-0.511886619592629,NORMAL
KOPARGAON,2025-09-10,721.6,754.7833333333333,195.48527430797452,-0.16974850638138125,NORMAL
KOPARGAON,2025-09-11,595.2,752.17,195.38397059512562,-0.8033924150577988,NORMAL
KOPARGAON,2025-09-12,475.2,749.9266666666666,196.83004034346195,-1.3957557809126984,LOW_SUPPLY
KOPARGAON,2025-09-13,29.4,746.3533333333334,200.90711309446885,-3.5685811332932427,LOW_SUPPLY
KOPARGAON,2025-09-15,220.8,730.4799999999999,236.28207923056067,-2.1570827616708987,LOW_SUPPLY
KOPARGAON,2025-09-16,252.8,713.1333333333333,253.9127590244374,-1.8129586520267353,LOW_SUPPLY
KOPARGAON,2025-09-17,321.6,693.9866666666668,266.36614123308175,-1.3980255333609106,LOW_SUPPLY
KOPARGAON,2025-09-18,438.4,674.7333333333333,271.84017278582957,-0.8693833987500059,NORMAL
KOPARGAON,2025-09-19,435.2,654.1466666666668,265.2773535355975,-0.8253500110301966,NORMAL
KOPARGAON,2025-09-20,510.4,652.0733333333334,266.7834792141541,-0.5310423784510603,NORMAL
KOPARGAON,2025-09-22,294.4,639.1133333333332,263.7913369905543,-1.3067651776058002,LOW_SUPPLY
KOPARGAON,2025-09-23,404.8,619.4866666666668,266.8903310005985,-0.8044003162714252,NORMAL
KOPARGAON,2025-09-24,512.0,608.7666666666667,268.89912008336705,-0.35986234033293224,NORMAL
KOPARGAON,2025-09-25,587.2,614.26,265.0267866748044,-0.10210288680443218,NORMAL
KOPARGAON,2025-09-27,356.8,613.1933333333333,265.0706111954701,-0.967264277910696,NORMAL
KOPARGAON,2025-09-29,65.6,597.3533333333332,265.74193176623527,-2.0010140281553297,LOW_SUPPLY
KOPARGAON,2025-09-30,344.0,568.1266666666668,274.5543673731636,-0.8163289071342382,NORMAL
KOPARGAON,2025-10-01,385.6,546.9533333333333,266.12319513433187,-0.6063106722128689,NORMAL
KOPARGAON,2025-10-03,414.4,529.62,258.79157024058213,-0.4452231573574336,NORMAL
KOPARGAON,2025-10-04,537.6,519.9133333333333,257.42085055187454,0.06870720312184879,NORMAL
KOPARGAON,2025-10-06,324.8,506.26000000000005,244.5154146470115,-0.7421209017106761,NORMAL
KOPARGAON,2025-10-07,684.8,488.23333333333335,236.92713317976396,0.8296502980835267,NORMAL
KOPARGAON,2025-10-08,704.0,469.67333333333335,193.75085660915573,1.209422609879669,HIGH_SUPPLY
KOPARGAON,2025-10-09,600.0,464.3933333333334,184.62271301473058,0.7345069544929009,NORMAL
KOPARGAON,2025-10-13,382.4,463.4866666666667,183.86082955234968,-0.4410219776778465,NORMAL
KOPARGAON,2025-10-14,609.6,458.68666666666667,184.0413273178597,0.8199969840072353,NORMAL
KOPARGAON,2025-10-15,523.2,454.74,179.27468540646288,0.38187209669219724,NORMAL
KOPARGAON,2025-10-16,440.0,450.9533333333333,176.47445206002226,-0.0620675299198996,NORMAL
KOPARGAON,2025-10-27,123.2,442.68666666666667,170.7016407680945,-1.871608645523818,LOW_SUPPLY
KOPARGAON,2025-10-28,318.4,431.43333333333334,180.3231741247831,-0.6268375314595707,NORMAL
KOPARGAON,2025-10-29,262.4,420.44666666666666,176.67729931135491,-0.8945499352927292,NORMAL
KOPARGAON,2025-10-30,299.2,405.14,169.42985243619796,-0.6252735186669287,NORMAL
KOPARGAON,2025-10-31,358.4,395.27333333333337,166.57479615068956,-0.2213620198578928,NORMAL
KOPARGAON,2025-11-01,473.6,391.38,166.0062678500946,0.49528250387657385,NORMAL
KOPARGAON,2025-11-03,304.0,406.18666666666667,151.80952614999214,-0.6731242054316363,NORMAL
KOPARGAON,2025-11-06,587.2,408.96000000000004,149.04072482101157,1.1959147421891225,HIGH_SUPPLY
KOPARGAON,2025-11-07,355.2,420.1066666666666,149.46307336212058,-0.43426556945881967,NORMAL
KOPARGAON,2025-11-08,432.0,421.22666666666663,148.82398521311242,0.0723897651168675,NORMAL
KOPARGAON,2025-11-12,344.0,421.0133333333333,148.80310465182862,-0.5175519255026976,NORMAL
KOPARGAON,2025-11-13,355.2,417.97333333333336,149.43353945029793,-0.42007526265020295,NORMAL
KOPARGAON,2025-11-15,379.2,412.8,148.80860190190646,-0.22579339883959731,NORMAL
KOPARGAON,2025-11-17,222.4,415.62666666666667,147.27954872033132,-1.31197215326606,LOW_SUPPLY
KOPARGAON,2025-11-18,390.4,409.5466666666667,151.44784406278106,-0.1264241613022214,NORMAL
KOPARGAON,2025-11-19,304.0,405.4933333333334,150.23361792229818,-0.6755700537400785,NORMAL
KOPARGAON,2025-11-20,321.6,396.05333333333334,147.29096639512312,-0.505484722896071,NORMAL
KOPARGAON,2025-11-21,372.8,394.88,147.75392030507123,-0.1494376592811267,NORMAL
KOPARGAON,2025-11-22,427.2,405.12,134.1668914398063,0.1645711528608094,NORMAL
KOPARGAON,2025-11-24,182.4,407.8933333333333,133.71908520150188,-1.686321238240124,LOW_SUPPLY
KOPARGAON,2025-11-25,294.4,401.12,139.89120501796887,-0.7628785525601267,NORMAL
KOPARGAON,2025-11-26,236.8,397.12,141.207810666066,-1.1353479615878421,LOW_SUPPLY
KOPARGAON,2025-11-27,192.0,387.0933333333333,141.56777086302708,-1.3780914408979041,LOW_SUPPLY
KOPARGAON,2025-11-28,297.6,382.6666666666667,145.60156624141834,-0.5842427994601359,NORMAL
KOPARGAON,2025-12-01,163.2,369.76,134.64499837055598,-1.5341082290448473,LOW_SUPPLY
KOPARGAON,2025-12-02,184.0,351.73333333333335,124.1454689920841,-1.3511031429107456,LOW_SUPPLY
KOPARGAON,2025-12-03,255.8,337.8666666666667,118.56620828518807,-0.6921589874011251,NORMAL
KOPARGAON,2025-12-04,235.2,333.64666666666665,119.17791606736999,-0.8260478947376108,NORMAL
KOPARGAON,2025-12-05,195.2,321.1666666666667,108.40010285442885,-1.1620530179369672,LOW_SUPPLY
KOPARGAON,2025-12-06,275.2,310.23333333333335,103.76214289831702,-0.33763116638468715,NORMAL
KOPARGAON,2025-12-08,108.8,304.74,100.98028691198981,-1.9403787213515555,LOW_SUPPLY
KOPARGAON,2025-12-09,200.0,304.26,101.90298496524909,-1.0231299901131914,LOW_SUPPLY
KOPARGAON,2025-12-10,172.8,300.31333333333333,103.61487955099892,-1.230646929146616,LOW_SUPPLY
KOPARGAON,2025-12-11,179.2,297.3266666666667,106.00908852817722,-1.1143069741163623,LOW_SUPPLY
KOPARGAON,2025-12-12,222.4,293.32666666666665,108.17773986499743,-0.6556493670063822,NORMAL
KOPARGAON,2025-12-13,249.6,288.7933333333333,108.20634799828818,-0.3622091869688952,NORMAL
KOPARGAON,2025-12-15,105.6,281.32666666666665,102.5972841387329,-1.7127808805255273,LOW_SUPPLY
KOPARGAON,2025-12-16,252.8,274.7133333333333,107.36877711351097,-0.204094094414118,NORMAL
KOPARGAON,2025-12-17,224.0,263.56666666666666,89.71572088944545,-0.4410226688745412,NORMAL
KOPARGAON,2025-12-18,224.0,259.1933333333333,88.28118842587756,-0.3986504255420425,NORMAL
KOPARGAON,2025-12-19,259.2,252.26000000000002,82.19987666741464,0.08442835052027635,NORMAL
KOPARGAON,2025-12-22,99.2,249.43333333333334,80.3741266197357,-1.8691753136443272,LOW_SUPPLY
KOPARGAON,2025-12-23,120.0,240.9,82.32378045004047,-1.468591448777916,LOW_SUPPLY
KOPARGAON,2025-12-24,104.0,232.26000000000002,80.89784362669097,-1.5854563514926947,LOW_SUPPLY
KOPARGAON,2025-12-26,99.2,228.31333333333333,84.2155474765906,-1.533129418522429,LOW_SUPPLY
KOPARGAON,2025-12-27,118.4,218.60666666666665,81.63144227450829,-1.2275498738549055,LOW_SUPPLY
KOPARGAON,2025-12-29,59.2,212.42000000000002,81.9689150500545,-1.869245187720685,LOW_SUPPLY
KOPARGAON,2025-12-30,76.8,203.67333333333332,83.89425993818062,-1.5123005248132924,LOW_SUPPLY
KOPARGAON,2025-12-31,120.0,193.80666666666667,80.66141210206506,-0.9150182812727761,NORMAL
KOPARGAON,2026-01-01,121.6,183.56666666666666,68.60956168074037,-0.9031782910232693,NORMAL
KOPARGAON,2026-01-02,178.2,181.54,69.53693436857597,-0.04803202830738197,NORMAL
KOPARGAON,2026-01-03,198.0,177.66666666666666,66.18934872815873,0.3071994773183649,NORMAL
KOPARGAON,2026-01-05,64.0,176.37333333333336,65.36802409980724,-1.719087197155539,LOW_SUPPLY
KOPARGAON,2026-01-06,146.0,172.10666666666668,68.4190482316137,-0.38157015248574944,NORMAL
KOPARGAON,2026-01-07,157.0,167.05333333333334,64.30549787904306,-0.15633707326616764,NORMAL
KOPARGAON,2026-01-08,159.0,166.8466666666667,64.3282676821695,-0.12197851658986351,NORMAL
KOPARGAON,2026-01-09,123.0,166.01333333333335,64.26028823214621,-0.6693610395574904,NORMAL
KOPARGAON,2026-01-10,237.0,161.58666666666667,62.4093258577862,1.2083664147435225,HIGH_SUPPLY
KOPARGAON,2026-01-12,161.6,161.64666666666668,62.48335907199527,-0.0007468655232333185,NORMAL
KOPARGAON,2026-01-13,228.0,160.52666666666667,62.161491202400384,1.085452295757149,HIGH_SUPPLY
KOPARGAON,2026-01-15,132.0,158.95333333333332,59.70787930060042,-0.45142004119148604,NORMAL
KOPARGAON,2026-01-16,288.0,159.72666666666666,59.18383943759535,2.1673709335567417,HIGH_SUPPLY
KOPARGAON,2026-01-17,272.0,162.66,63.28726297741722,1.7276778115529465,HIGH_SUPPLY
KOPARGAON,2026-01-19,248.0,165.96666666666667,66.352622967845,1.2363238959383314,HIGH_SUPPLY
KOPARGAON,2026-01-20,322.0,168.26000000000002,67.9944247207357,2.261067736530392,HIGH_SUPPLY
KOPARGAON,2026-01-21,396.0,171.57999999999998,72.97807606539952,3.0751701346427023,HIGH_SUPPLY
KOPARGAON,2026-01-22,414.7,176.46,82.63149854458936,2.8831620410640575,HIGH_SUPPLY
KOPARGAON,2026-01-23,490.0,186.76333333333332,92.20729451035783,3.288640755342881,HIGH_SUPPLY
KOPARGAON,2026-01-24,586.0,194.67,107.04165206059922,3.655866594608026,HIGH_SUPPLY
KOPARGAON,2026-01-27,554.0,206.73666666666665,128.67900850521565,2.6986789637818664,HIGH_SUPPLY
KOPARGAON,2026-01-28,554.0,217.73666666666665,143.46141252984287,2.3439287778055564,HIGH_SUPPLY
KOPARGAON,2026-01-29,478.0,227.56333333333333,155.9521422685857,1.6058558928633166,HIGH_SUPPLY
KOPARGAON,2026-01-30,510.0,240.19,160.47015481455472,1.6813718433300104,HIGH_SUPPLY
KOPARGAON,2026-01-31,564.0,253.19,166.09627941192124,1.8712640710583683,HIGH_SUPPLY
KOPARGAON,2026-02-02,265.6,268.5233333333333,172.94040369412028,-0.01690370365102067,NORMAL
KOPARGAON,2026-02-03,201.6,274.07,169.9653415988913,-0.4263810452075879,NORMAL
KOPARGAON,2026-02-04,331.2,276.8433333333333,168.00516347429092,0.3235416432601766,NORMAL
KOPARGAON,2026-02-05,352.0,285.90999999999997,163.12320359692657,0.4051538870172437,NORMAL
KOPARGAON,2026-02-06,298.0,295.0833333333333,158.6345400562273,0.01838607572873402,NORMAL
KOPARGAON,2026-02-07,338.0,301.01666666666665,155.15073890126789,0.23837033323359264,NORMAL
KOPARGAON,2026-02-09,248.0,308.22999999999996,151.50933315965372,-0.3975332657330905,NORMAL
KOPARGAON,2026-02-10,370.0,310.5566666666667,149.97180351844443,0.3963633959101027,NORMAL
KOPARGAON,2026-02-11,470.7,316.29,148.80362979907278,1.0376763000237117,HIGH_SUPPLY
KOPARGAON,2026-02-13,608.0,329.84666666666664,143.4563245642082,1.9389408879553267,HIGH_SUPPLY
KOPARGAON,2026-02-14,618.0,345.2466666666667,147.77273728620457,1.8457622044658188,HIGH_SUPPLY
KOPARGAON,2026-02-16,448.0,360.6133333333334,151.44592920004325,0.5770156195564591,NORMAL
KOPARGAON,2026-02-17,502.0,370.2466666666667,147.31442735098034,0.8943681600134631,NORMAL
KOPARGAON,2026-02-18,746.0,382.88000000000005,141.51698667383184,2.5659110509250627,HIGH_SUPPLY
KOPARGAON,2026-02-20,524.0,399.8466666666667,153.43467605496505,0.8091608528495718,NORMAL
KOPARGAON,2026-02-21,508.0,411.9266666666666,148.20751745402512,0.6482352243916096,NORMAL
KOPARGAON,2026-02-23,406.0,421.26,145.0072901853443,-0.10523608834076606,NORMAL
KOPARGAON,2026-02-24,550.0,430.3933333333333,134.40100813798173,0.8899238802128139,NORMAL
KOPARGAON,2026-02-25,518.4,439.12666666666667,133.33740694926576,0.5945318357923102,NORMAL
KOPARGAON,2026-02-26,489.1,447.34000000000003,130.24065682288017,0.320637203609862,NORMAL
KOPARGAON,2026-02-27,442.0,455.37666666666667,124.84280511309336,-0.10714807837383122,NORMAL
KOPARGAON,2026-02-28,422.0,459.37666666666667,122.31892368703252,-0.3055673279328332,NORMAL
KOPARGAON,2026-03-02,146.0,460.2433333333333,121.94593681524279,-2.5769069600853975,LOW_SUPPLY
KOPARGAON,2026-03-04,282.0,451.28666666666663,134.6158717222464,-1.2575535447703867,LOW_SUPPLY
KOPARGAON,2026-03-05,342.0,444.3533333333333,137.87033822008135,-0.7423883531057092,NORMAL
KOPARGAON,2026-03-06,536.0,436.21999999999997,136.4155123143995,0.7314417422707404,NORMAL
KOPARGAON,2026-03-07,472.0,435.61999999999995,135.91829289991716,0.2676608072674096,NORMAL
KOPARGAON,2026-03-09,400.0,432.8866666666666,134.27008739036472,-0.24492921175402885,NORMAL
KOPARGAON,2026-03-10,396.0,430.28666666666663,134.12150367158327,-0.25563884782132107,NORMAL
KOPARGAON,2026-03-11,482.0,426.4866666666666,133.39814849910252,0.41614770488142766,NORMAL
KOPARGAON,2026-03-12,332.0,423.7533333333333,131.30703616762713,-0.6987693577684639,NORMAL
KOPARGAON,2026-03-13,424.0,425.96666666666664,129.09016184457113,-0.015234829971276762,NORMAL
KOPARGAON,2026-03-14,380.0,433.38000000000005,121.94947625398306,-0.4377222571159388,NORMAL
KOPARGAON,2026-03-16,324.0,435.0066666666667,120.8601155891801,-0.9184722861261644,NORMAL
KOPARGAON,2026-03-17,350.0,434.0733333333334,121.6289012085347,-0.6912282565900049,NORMAL
KOPARGAON,2026-03-18,468.0,435.8066666666667,119.98223125151507,0.26831750833044127,NORMAL
KOPARGAON,2026-03-20,416.0,440.14000000000004,118.66836896622254,-0.20342404812921286,NORMAL
KOPARGAON,2026-03-23,392.0,445.74,113.12297732998401,-0.4750582177769101,NORMAL
KOPARGAON,2026-03-24,394.0,446.47333333333336,112.68551580067619,-0.46566173975855807,NORMAL
KOPARGAON,2026-03-25,422.0,443.9166666666667,112.98659695713513,-0.19397581002445302,NORMAL
KOPARGAON,2026-04-04,156.0,437.71666666666664,108.69396482098641,-2.591833568042532,LOW_SUPPLY
KOPARGAON,2026-04-06,210.0,422.31666666666666,114.82585940678106,-1.8490318101126988,LOW_SUPPLY
KOPARGAON,2026-04-07,296.0,414.3833333333333,121.0435888525244,-0.978022334396973,NORMAL
KOPARGAON,2026-04-08,292.0,407.51666666666665,121.74285529792736,-0.9488578724720718,NORMAL
KOPARGAON,2026-04-09,338.0,392.3833333333333,105.32723420069456,-0.5163273653394261,NORMAL
KOPARGAON,2026-04-10,372.0,386.18333333333334,102.75554547778401,-0.13802985782796323,NORMAL
KOPARGAON,2026-04-11,354.0,381.65,100.16326241657266,-0.2760493152170441,NORMAL
KOPARGAON,2026-04-13,338.0,379.9166666666667,100.17728451766646,-0.41842486416443636,NORMAL
KOPARGAON,2026-04-15,482.0,372.85,95.11511990468674,1.1475567723551983,HIGH_SUPPLY
KOPARGAON,2026-04-16,508.0,371.6366666666666,93.41129845024689,1.4598162705763458,HIGH_SUPPLY
KOPARGAON,2026-04-17,532.0,372.26666666666665,94.29042929943336,1.694056698226246,HIGH_SUPPLY
KOPARGAON,2026-04-18,490.0,375.26666666666665,97.9464784649164,1.1713880389730384,HIGH_SUPPLY
KOPARGAON,2026-04-20,152.0,377.53333333333336,99.83390804432364,-2.259085492608408,LOW_SUPPLY
KOPARGAON,2026-04-21,180.0,377.73333333333335,99.35895681241195,-1.9900906740260023,LOW_SUPPLY
KOPARGAON,2026-04-22,194.0,374.3333333333333,104.36683755680906,-1.727879636433116,LOW_SUPPLY
KOPARGAON,2026-04-23,192.0,369.4,109.32791548112704,-1.6226413832121773,LOW_SUPPLY
KOPARGAON,2026-04-24,222.0,357.93333333333334,109.2917428604351,-1.2437658122711008,LOW_SUPPLY
KOPARGAON,2026-04-25,312.0,349.6,109.82418551547808,-0.3423653890399293,NORMAL
KOPARGAON,2026-04-27,210.0,346.6666666666667,109.60661109350346,-1.2468834252167396,LOW_SUPPLY
KOPARGAON,2026-04-28,332.0,340.46666666666664,111.9552661074754,-0.07562544363512803,NORMAL
KOPARGAON,2026-04-29,352.0,335.46666666666664,108.71910447644956,0.1520738550317508,NORMAL
KOPARGAON,2026-04-30,452.0,336.1333333333333,108.7584268105193,1.0653580606542927,HIGH_SUPPLY
KOPARGAON,2026-05-02,644.0,337.06666666666666,109.65492373282108,2.799083916023594,HIGH_SUPPLY
KOPARGAON,2026-05-04,346.0,345.8666666666667,123.00034576159321,0.001084007792886701,NORMAL
KOPARGAON,2026-05-05,1320.0,346.6,122.93104318808395,7.918260308835925,HIGH_SUPPLY
KOPARGAON,2026-05-06,654.0,378.93333333333334,216.1083593674847,1.2728182633552154,HIGH_SUPPLY
KOPARGAON,2026-05-07,714.0,385.1333333333333,221.35612332468574,1.4856903966658477,HIGH_SUPPLY
KOPARGAON,2026-05-08,718.0,395.06666666666666,229.331702747478,1.4081495469857566,HIGH_SUPPLY
KOPARGAON,2026-05-09,658.0,405.93333333333334,236.78390167398234,1.0645430913361944,HIGH_SUPPLY
KOPARGAON,2026-05-11,366.0,414.73333333333335,241.18985701400646,-0.202053825714998,NORMAL
KOPARGAON,2026-05-12,534.0,412.8666666666667,241.34832937469056,0.5019025142920098,NORMAL
KOPARGAON,2026-05-13,474.0,425.46666666666664,237.3090133477699,0.2045153390874753,NORMAL
KOPARGAON,2026-05-14,460.0,434.26666666666665,233.9140622231746,0.11001191244663813,NORMAL
KOPARGAON,2026-05-15,444.0,439.73333333333335,232.4832857667828,0.0183525738316809,NORMAL
KOPARGAON,2026-05-16,462.0,444.8,230.80285661293212,0.0745224745153187,NORMAL
KOPARGAON,2026-05-18,368.0,448.93333333333334,229.93296374398344,-0.35198664869752105,NORMAL
KOPARGAON,2026-05-19,438.0,448.8,229.98026901873794,-0.046960550337994726,NORMAL
KOPARGAON,2026-05-20,412.0,451.6,229.2966156118195,-0.17270206930153562,NORMAL
KOPARGAON,2026-05-21,304.0,454.06666666666666,228.42880628377392,-0.656951586395986,NORMAL
KOPARGAON,2026-05-22,356.0,448.1333333333333,229.98466715508843,-0.4006064163886365,NORMAL
KOPARGAON,2026-05-23,410.0,443.06666666666666,230.29440428216705,-0.14358432533233373,NORMAL
KOPARGAON,2026-05-25,256.0,439.0,229.74633688123274,-0.7965306541300885,NORMAL
KOPARGAON,2026-05-26,508.0,431.2,231.91710766475651,0.3311528018494299,NORMAL
KOPARGAON,2026-05-28,622.0,443.06666666666666,226.1752346779135,0.7911269931393888,NORMAL
KOPARGAON,2026-05-29,532.0,457.8,222.81914732309951,0.33300549298129245,NORMAL
KOPARGAON,2026-05-30,708.0,469.06666666666666,217.50226845163982,1.0985326039781447,HIGH_SUPPLY
KOPARGAON,2026-06-01,442.0,486.26666666666665,215.2270546596576,-0.2056742668186689,NORMAL
KOPARGAON,2026-06-02,770.0,493.6,209.58639071374304,1.3187879187132536,HIGH_SUPPLY
KOPARGAON,2026-06-03,852.0,508.8666666666667,212.56183414087602,1.6142753694246006,HIGH_SUPPLY
KOPARGAON,2026-06-04,874.0,530.2666666666667,213.74927841512923,1.6081145905239407,HIGH_SUPPLY
KOPARGAON,2026-06-05,700.0,548.3333333333334,219.24829780856663,0.6917575560796012,NORMAL
KOPARGAON,2026-06-06,714.0,559.9333333333333,217.70304566531425,0.7076918294635212,NORMAL
KOPARGAON,2026-06-08,402.0,568.6666666666666,218.47770080062244,-0.7628543602203259,NORMAL
KOPARGAON,2026-06-09,698.0,560.6,220.0621542295217,0.6243690582829328,NORMAL
KOPARGAON,2026-06-10,706.0,572.3333333333334,217.59569172543635,0.6142891231290006,NORMAL
KOPARGAON,2026-06-11,780.0,551.8666666666667,168.0910535955155,1.3572009244602634,HIGH_SUPPLY
KOPARGAON,2026-06-12,734.0,556.0666666666667,172.2536088072651,1.0329730364745116,HIGH_SUPPLY
KOPARGAON,2026-06-13,708.0,556.7333333333333,172.92333029675152,0.8747614703411035,NORMAL
KOPARGAON,2026-06-15,468.0,556.4,172.61110365051303,-0.5121339133488428,NORMAL
KOPARGAON,2026-06-16,780.0,550.0666666666667,172.2399956222535,1.3349590059071377,HIGH_SUPPLY
KOPARGAON,2026-06-17,896.0,563.8666666666667,173.56380786989757,1.9136093947783086,HIGH_SUPPLY
KOPARGAON,2026-06-18,912.0,575.9333333333333,183.70327148426847,1.8293994655149404,HIGH_SUPPLY
KOPARGAON,2026-06-19,918.0,590.5333333333333,192.51649877049607,1.7009797537251508,HIGH_SUPPLY
KOPARGAON,2026-06-20,890.0,605.8,199.82913390849822,1.4222150416271897,HIGH_SUPPLY
KOPARGAON,2026-06-22,596.0,620.6666666666666,203.9251609399086,-0.1209594076227565,NORMAL
KOPARGAON,2026-06-23,892.0,625.1333333333333,201.78628731191384,1.3225213180822044,HIGH_SUPPLY
KOPARGAON,2026-06-24,748.0,642.6,201.4397488426574,0.5232333767568728,NORMAL
KOPARGAON,2026-06-25,1322.0,652.9333333333333,198.51221335367376,3.37040555522215,HIGH_SUPPLY
KOPARGAON,2026-06-27,1422.0,683.2666666666667,227.79330215295374,3.242998483060334,HIGH_SUPPLY
KOPARGAON,2026-06-29,668.0,720.5333333333333,253.59643929477443,-0.20715327659734928,NORMAL
KOPARGAON,2026-06-30,1068.0,730.9333333333333,244.3608035239086,1.3793810701464961,HIGH_SUPPLY
KOPARGAON,2026-07-01,952.0,752.8666666666667,244.091381041712,0.8158146858094267,NORMAL
KOPARGAON,2026-07-02,904.0,776.0666666666667,227.7678693293903,0.5616829700782789,NORMAL
KOPARGAON,2026-07-03,880.0,789.2666666666667,223.124201276782,0.406649448218215,NORMAL
KOPARGAON,2026-07-04,794.0,797.8666666666667,221.42045093431105,-0.0174630060157081,NORMAL
KOPARGAON,2026-07-06,636.0,806.6,215.66458632122024,-0.7910431791796403,NORMAL
KOPARGAON,2026-07-07,894.0,804.2,217.19487515386515,0.413453586031364,NORMAL
KOPARGAON,2026-07-08,650.0,819.2666666666667,206.62308402154468,-0.8192050151038165,NORMAL
KOPARGAON,2026-07-09,984.0,815.2666666666667,208.76020451346886,0.808263882125326,NORMAL
KOPARGAON,2026-07-10,1258.0,819.6666666666666,210.94080446538868,2.0779921383359254,HIGH_SUPPLY
KOPARGAON,2026-07-11,890.0,832.4666666666667,225.4997107320306,0.25513706047145324,NORMAL
KOPARGAON,2026-07-13,608.0,838.8,224.31603321791394,-1.0289054985908523,LOW_SUPPLY
KOPARGAON,2026-07-14,958.0,835.2666666666667,227.16634241550037,0.5402795679513428,NORMAL
KOPARGAON,2026-07-15,952.0,853.8,212.8275001675906,0.46140653779550406,NORMAL
KOPARGAON,2026-07-16,982.0,862.2666666666667,211.463689445783,0.566212259169117,NORMAL
KOPARGAON,2026-07-17,1066.0,871.4666666666667,210.43202413513194,0.9244473797790916,NORMAL
KOPARGAON,2026-07-18,1010.0,881.0,212.612485441276,0.6067376510474503,NORMAL
KOPARGAON,2026-07-20,560.0,890.2,212.002830169787,-1.557526377056157,LOW_SUPPLY
KOPARGAON,2026-07-21,908.0,885.2666666666667,218.02529643382445,0.1042692462992863,NORMAL
KOPARGAON,2026-07-22,638.0,899.9333333333333,203.28914914701937,-1.2884767063681408,LOW_SUPPLY
KOPARGAON,2026-07-23,650.0,895.2,207.78145016936017,-1.1800860943079396,LOW_SUPPLY
KOPARGAON,2026-07-24,770.0,887.0,212.54825010027537,-0.5504632474969899,NORMAL
