date,actual_kop_price,las_price,pred_naive_ratio1,pred_global_ratio,pred_rolling_ratio,global_ratio_used,rolling_ratio_used
2025-04-08,1300.0,1030.0,1030.0,973.4228247928016,972.8832565284179,0.9450707036823317,0.9445468509984639
2025-04-09,1281.0,1000.0,1000.0,945.110868774991,947.0766129032257,0.945110868774991,0.9470766129032258
2025-04-11,1000.0,900.0,900.0,850.7455959730572,853.4290850673194,0.945272884414508,0.9482545389636883
2025-04-12,1100.0,700.0,700.0,661.8044300378174,664.2858249539066,0.9454349000540249,0.9489797499341524
2025-04-15,1100.0,1150.0,1150.0,1087.2614311674279,1092.136075949367,0.9454447227542851,0.9496835443037974
2025-04-16,1100.0,1250.0,1250.0,1181.8181818181818,1187.5,0.9454545454545454,0.95
2025-04-17,1100.0,1240.0,1240.0,1172.3514562153136,1178.0,0.9454447227542851,0.95
2025-04-19,1100.0,1220.0,1220.0,1153.4305780659104,1159.0,0.9454349000540249,0.95
2025-04-21,1050.0,1270.0,1270.0,1200.4965632064252,1206.5,0.945272884414508,0.95
2025-04-22,1100.0,1260.0,1260.0,1190.8396946564885,1197.0,0.945110868774991,0.95
2025-04-23,1100.0,1280.0,1280.0,1209.6905007133846,1216.0,0.9450707036823317,0.95
2025-04-24,1100.0,1200.0,1200.0,1134.036646307607,1139.620253164557,0.9450305385896725,0.9496835443037974
2025-04-25,1075.0,1275.0,1275.0,1204.8191730753258,1210.8465189873418,0.944956214176726,0.9496835443037974
2025-04-26,1050.0,1250.0,1250.0,1181.1023622047244,1186.2246874176903,0.9448818897637795,0.9489797499341524
2025-04-28,1050.0,1200.0,1200.0,1133.8582677165355,1138.7756999209828,0.9448818897637795,0.9489797499341524
2025-04-29,1050.0,1200.0,1200.0,1133.8582677165355,1138.7756999209828,0.9448818897637795,0.9489797499341524
2025-05-02,1050.0,1150.0,1150.0,1086.5829486831387,1091.3267124242752,0.944854737985338,0.9489797499341524
2025-05-03,1050.0,1200.0,1200.0,1133.7931034482758,1138.7756999209828,0.9448275862068966,0.9489797499341524
2025-05-05,1025.0,1180.0,1180.0,1114.82154775147,1119.7961049222997,0.9447640235181949,0.9489797499341524
2025-05-06,1075.0,1100.0,1100.0,1039.1705069124423,1043.079992860057,0.9447004608294931,0.9482545389636883
2025-05-07,1000.0,1100.0,1100.0,1039.2404258700144,1043.8777249275677,0.9447640235181949,0.9489797499341524
2025-05-08,1075.0,1070.0,1070.0,1010.8294930875576,1015.4083324295431,0.9447004608294931,0.9489797499341524
2025-05-09,1075.0,1125.0,1125.0,1062.8595264579692,1067.6022186759214,0.9447640235181949,0.9489797499341524
2025-05-10,1000.0,1151.0,1151.0,1087.496551724138,1092.2756921742093,0.9448275862068966,0.9489797499341524
2025-05-15,1050.0,1100.0,1100.0,1039.2404258700144,1043.079992860057,0.9447640235181949,0.9482545389636883
2025-05-16,1000.0,1170.0,1170.0,1105.448275862069,1109.4578105875153,0.9448275862068966,0.9482545389636883
2025-05-17,1050.0,1200.0,1200.0,1133.7168282218338,1136.491935483871,0.9447640235181949,0.9470766129032258
2025-05-19,1000.0,1150.0,1150.0,1086.405529953917,1089.1381048387095,0.9447004608294931,0.9470766129032258
2025-05-20,1000.0,1150.0,1150.0,1086.3802458929893,1086.2288786482336,0.9446784746895558,0.9445468509984639
2025-05-21,1000.0,1160.0,1160.0,1095.8015267175574,1086.2571428571428,0.9446564885496184,0.9364285714285714
2025-05-22,1075.0,1175.0,1175.0,1109.846798134012,1091.0364583333335,0.9445504664970314,0.9285416666666667
2025-05-23,1075.0,1150.0,1150.0,1086.111111111111,1067.8229166666667,0.9444444444444444,0.9285416666666667
2025-05-24,1100.0,1200.0,1200.0,1133.0567081604427,1117.1195652173913,0.9442139234670355,0.9309329710144928
2025-05-26,1210.0,1200.0,1200.0,1132.7800829875519,1110.6803797468356,0.9439834024896265,0.925566983122363
2025-05-27,1190.0,1351.0,1351.0,1275.633010603965,1250.4409941983124,0.9442139234670355,0.925566983122363
2025-05-28,1175.0,1375.0,1375.0,1297.9771784232364,1272.6546017932492,0.9439834024896265,0.925566983122363
2025-05-29,1200.0,1400.0,1400.0,1321.4101434007696,1293.5745734727573,0.9438643881434069,0.9239818381948266
2025-05-30,1175.0,1400.0,1400.0,1321.2435233160622,1292.2946859903382,0.9437453737971873,0.9230676328502416
2025-05-31,1100.0,1380.0,1380.0,1302.1277041464743,1273.8333333333335,0.9435708001061408,0.9230676328502416
2025-06-02,1000.0,1350.0,1350.0,1273.5849056603774,1241.25,0.9433962264150944,0.9194444444444445
2025-06-03,1100.0,1400.0,1400.0,1320.377358490566,1287.2222222222224,0.9431266846361186,0.9194444444444445
2025-06-04,1120.0,1420.0,1420.0,1338.857142857143,1301.6666666666665,0.9428571428571428,0.9166666666666666
2025-06-05,1175.0,1451.0,1451.0,1367.8906218487393,1330.0833333333333,0.9427226890756302,0.9166666666666666
2025-06-06,1200.0,1475.0,1475.0,1390.3176470588235,1350.775709219858,0.9425882352941176,0.9157801418439716
2025-06-09,1301.0,1600.0,1600.0,1508.140853873683,1462.3496762257168,0.9425880336710519,0.913968547641073
2025-06-10,1500.0,1600.0,1600.0,1508.140531276778,1457.7075098814228,0.9425878320479862,0.9110671936758893
2025-06-11,1475.0,1620.0,1620.0,1526.7653747280997,1475.9288537549407,0.9424477621778393,0.9110671936758893
2025-06-12,1400.0,1600.0,1600.0,1507.6923076923076,1458.8298443370907,0.9423076923076923,0.9117686527106816
2025-06-13,1400.0,1600.0,1600.0,1507.4693422519508,1455.6677890011222,0.9421683389074693,0.9097923681257014
2025-06-14,1400.0,1601.0,1601.0,1508.1884057971015,1456.577581369248,0.9420289855072463,0.9097923681257014
2025-06-16,1501.0,1600.0,1600.0,1506.7612637196046,1448.5842026825633,0.9417257898247529,0.9053651266766021
2025-06-17,1400.0,1620.0,1620.0,1525.1046025104602,1466.6915052160953,0.9414225941422594,0.9053651266766021
2025-06-18,1475.0,1540.0,1540.0,1449.6012798424808,1386.5868564854761,0.9412995323652473,0.9003810756399195
2025-06-19,1500.0,1600.0,1600.0,1506.276150627615,1448.5842026825633,0.9414225941422594,0.9053651266766021
2025-06-20,1475.0,1551.0,1551.0,1459.9555746984986,1411.0879629629628,0.9412995323652473,0.9097923681257014
2025-06-21,1400.0,1580.0,1580.0,1487.4476987447697,1437.4719416386083,0.9414225941422594,0.9097923681257014
2025-06-23,1425.0,1600.0,1600.0,1506.0792517843956,1448.5842026825633,0.9412995323652473,0.9053651266766021
2025-06-24,1425.0,1651.0,1651.0,1553.8823529411764,1486.5291558815072,0.9411764705882353,0.9003810756399195
2025-06-25,1375.0,1570.0,1570.0,1477.5721780604135,1413.5982887546736,0.9411287758346583,0.9003810756399195
2025-06-26,1375.0,1570.0,1570.0,1477.4972972972973,1413.5982887546736,0.9410810810810811,0.9003810756399195
2025-06-27,1375.0,1500.0,1500.0,1411.381462984724,1346.7558983666063,0.9409209753231493,0.8978372655777375
2025-06-28,1350.0,1551.0,1551.0,1459.1201086956523,1392.5455989110708,0.9407608695652174,0.8978372655777375
2025-06-30,1313.0,1550.0,1550.0,1457.9587215320912,1389.09841954023,0.940618530020704,0.8961925287356323
2025-07-01,1365.0,1525.0,1525.0,1434.2261904761904,1362.1744791666667,0.9404761904761905,0.8932291666666667
2025-07-02,1450.0,1500.0,1500.0,1410.5654761904761,1339.280225409836,0.9403769841269841,0.8928534836065574
2025-07-03,1375.0,1500.0,1500.0,1410.7142857142858,1339.280225409836,0.9404761904761905,0.8928534836065574
2025-07-04,1400.0,1510.0,1510.0,1419.969246031746,1352.6834369700396,0.9403769841269841,0.8958168456755229
2025-07-05,1300.0,1551.0,1551.0,1458.3708333333334,1389.411927642736,0.9402777777777778,0.8958168456755229
2025-07-07,1300.0,1500.0,1500.0,1410.3775062656641,1339.280225409836,0.940251670843776,0.8928534836065574
2025-07-08,1395.0,1480.0,1480.0,1391.5338345864661,1316.8402777777778,0.9402255639097744,0.8897569444444444
2025-07-09,1375.0,1500.0,1500.0,1410.3775062656641,1334.6354166666667,0.940251670843776,0.8897569444444444
2025-07-10,1375.0,1475.0,1475.0,1386.8327067669172,1316.958888319672,0.9402255639097744,0.8928534836065574
2025-07-11,1250.0,1551.0,1551.0,1458.1335293702068,1384.8157530737706,0.9401247771568064,0.8928534836065574
2025-07-12,1200.0,1451.0,1451.0,1363.9748100759696,1291.037326388889,0.9400239904038384,0.8897569444444444
2025-07-14,1300.0,1451.0,1451.0,1363.7072326241919,1288.4775985663082,0.9398395814088158,0.8879928315412187
2025-07-15,1225.0,1460.0,1460.0,1371.896551724138,1297.7368951612905,0.9396551724137931,0.8888608870967742
2025-07-16,1225.0,1500.0,1500.0,1409.2868338557994,1333.2913306451615,0.9395245559038663,0.8888608870967742
2025-07-17,1325.0,1400.0,1400.0,1315.1515151515152,1244.405241935484,0.9393939393939394,0.8888608870967742
2025-07-18,1200.0,1400.0,1400.0,1315.3343782654129,1249.9948770491803,0.9395245559038663,0.8928534836065574
2025-07-19,1225.0,1351.0,1351.0,1269.1212121212122,1200.851058467742,0.9393939393939394,0.8888608870967742
2025-07-21,1210.0,1425.0,1425.0,1338.532810115544,1266.6267641129034,0.9393212702565221,0.8888608870967742
2025-07-22,1175.0,1451.0,1451.0,1362.849720223821,1286.436810943242,0.9392486011191047,0.8865863617803185
2025-07-23,1175.0,1400.0,1400.0,1314.791093954105,1236.8334754377909,0.9391364956815036,0.883452482455565
2025-07-24,1196.0,1425.0,1425.0,1338.1097560975609,1254.5906735751296,0.9390243902439024,0.8804145077720207
2025-07-28,1200.0,1275.0,1275.0,1197.0974365355898,1119.3200636942674,0.9388999502239921,0.8778980891719745
2025-07-30,1275.0,1320.0,1320.0,1239.5121951219512,1158.8254777070065,0.9390243902439024,0.8778980891719745
2025-07-31,1310.0,1280.0,1280.0,1202.0947144723245,1123.7095541401275,0.9391364956815036,0.8778980891719745
2025-08-01,1232.0,1310.0,1310.0,1230.4156674660271,1150.0464968152867,0.9392486011191047,0.8778980891719745
2025-08-02,1180.0,1330.0,1330.0,1249.2972894411744,1167.604458598726,0.9393212702565221,0.8778980891719745
2025-08-04,1150.0,1275.0,1275.0,1197.5419664268584,1119.3200636942674,0.9392486011191047,0.8778980891719745
2025-08-05,1170.0,1270.0,1270.0,1192.7033495155097,1114.9305732484077,0.9391364956815036,0.8778980891719745
2025-08-06,1100.0,1325.0,1325.0,1244.2073170731708,1163.2149681528663,0.9390243902439024,0.8778980891719745
2025-08-07,1200.0,1340.0,1340.0,1258.1259333001494,1173.5668789808917,0.9388999502239921,0.8757961783439491
2025-08-11,1250.0,1351.0,1351.0,1268.2857142857144,1183.2006369426751,0.9387755102040817,0.8757961783439491
2025-08-12,1375.0,1525.0,1525.0,1431.3932496075354,1335.5891719745223,0.93861852433281,0.8757961783439491
2025-08-13,1500.0,1701.0,1701.0,1596.323076923077,1489.7292993630574,0.9384615384615385,0.8757961783439491
2025-08-14,1500.0,1600.0,1600.0,1501.269230769231,1401.2738853503186,0.9382932692307693,0.8757961783439491
2025-08-16,1550.0,1575.0,1575.0,1477.546875,1379.3789808917197,0.938125,0.8757961783439491
2025-08-19,1550.0,1640.0,1640.0,1538.8009615384617,1436.3057324840765,0.9382932692307693,0.8757961783439491
2025-08-25,1200.0,1551.0,1551.0,1455.553846153846,1362.2628378601366,0.9384615384615385,0.8783125969439953
2025-08-26,1200.0,1500.0,1500.0,1407.4399038461538,1317.468895415993,0.9382932692307693,0.8783125969439953
2025-08-28,1180.0,1400.0,1400.0,1313.375,1229.6376357215934,0.938125,0.8783125969439953
2025-09-01,1100.0,1340.0,1340.0,1256.6687499999998,1173.5668789808917,0.9378124999999999,0.8757961783439491
2025-09-02,1050.0,1360.0,1360.0,1275.0,1191.0828025477708,0.9375,0.8757961783439491
2025-09-03,1050.0,1310.0,1310.0,1228.125,1147.2929936305734,0.9375,0.8757961783439491
2025-09-04,1150.0,1325.0,1325.0,1242.1875,1160.4299363057326,0.9375,0.8757961783439491
2025-09-08,1150.0,1275.0,1275.0,1195.3125,1116.6401273885351,0.9375,0.8757961783439491
2025-09-09,1150.0,1320.0,1320.0,1237.5,1156.0509554140128,0.9375,0.8757961783439491
2025-09-10,1125.0,1251.0,1251.0,1172.8125,1095.6210191082803,0.9375,0.8757961783439491
2025-09-11,1025.0,1200.0,1200.0,1125.0,1053.9751163327944,0.9375,0.8783125969439953
2025-09-13,1050.0,801.0,801.0,750.5801149343232,701.5127388535032,0.9370538263849228,0.8757961783439491
2025-09-15,1000.0,1270.0,1270.0,1190.625,1112.2611464968154,0.9375,0.8757961783439491
2025-09-16,1050.0,1170.0,1170.0,1096.3529768703597,1024.2157643312103,0.9370538263849228,0.8753980891719746
2025-09-17,1075.0,1250.0,1250.0,1170.7595659623073,1094.2476114649683,0.9366076527698458,0.8753980891719746
2025-09-18,975.0,1175.0,1175.0,1100.4882735353242,1028.5927547770702,0.9365857647109141,0.8753980891719746
2025-09-19,950.0,1100.0,1100.0,1030.2202643171806,962.5,0.9365638766519824,0.875
2025-09-20,950.0,1100.0,1100.0,1030.2062860047442,962.5,0.936551169095222,0.875
2025-09-22,975.0,1100.0,1100.0,1030.1923076923076,962.5,0.9365384615384615,0.875
2025-09-23,975.0,1080.0,1080.0,1011.424886877828,945.4299363057326,0.9365045248868779,0.8753980891719746
2025-09-24,1025.0,1150.0,1150.0,1076.9411764705883,1007.1656050955414,0.9364705882352942,0.8757961783439491
2025-09-27,1000.0,1125.0,1125.0,1053.464931171004,988.1016715619947,0.9364132721520035,0.8783125969439953
2025-09-29,1000.0,1100.0,1100.0,1029.9915516755843,966.1438566383948,0.936355956068713,0.8783125969439953
2025-09-30,975.0,1200.0,1200.0,1123.56795960614,1053.9751163327944,0.9363066330051167,0.8783125969439953
2025-10-03,1075.0,1200.0,1200.0,1123.5087719298244,1050.9554140127389,0.9362573099415205,0.8757961783439491
2025-10-04,995.0,1180.0,1180.0,1104.732238397412,1033.43949044586,0.9362137613537389,0.8757961783439491
2025-10-06,1000.0,1151.0,1151.0,1077.531914893617,1007.5832006369427,0.9361702127659575,0.8753980891719746
2025-10-07,1005.0,1100.0,1100.0,1029.3733709935984,962.937898089172,0.9357939736305441,0.8753980891719746
2025-10-08,990.0,1060.0,1060.0,991.5427985648384,928.343949044586,0.9354177344951307,0.8757961783439491
2025-10-09,975.0,1080.0,1080.0,1010.1615478503921,949.1204124962086,0.9353347665281408,0.8788151967557487
2025-10-13,900.0,1100.0,1100.0,1028.776978417266,972.3505904940504,0.935251798561151,0.8839550822673186
2025-10-14,900.0,1060.0,1060.0,991.211908521963,936.9923872033577,0.9351055740773235,0.8839550822673186
2025-10-15,900.0,1050.0,1050.0,981.7073170731707,928.1528363806844,0.9349593495934959,0.8839550822673186
2025-10-16,925.0,1075.0,1075.0,1005.0165852454526,950.2517134373675,0.9348991490655373,0.8839550822673186
2025-10-27,1200.0,1280.0,1280.0,1196.5938541281007,1131.4625053021678,0.9348389485375787,0.8839550822673186
2025-10-28,1175.0,1350.0,1350.0,1262.1138512384753,1196.3967203682394,0.9348991490655373,0.8862197928653625
2025-10-29,1175.0,1401.0,1401.0,1309.7093669011476,1241.5939298043727,0.9348389485375787,0.8862197928653625
2025-10-30,1250.0,1550.0,1550.0,1448.956706855754,1370.1303775143438,0.9348107786166154,0.8839550822673186
2025-10-31,1425.0,1710.0,1710.0,1598.4782608695652,1502.7739864523303,0.9347826086956522,0.8788151967557487
2025-11-01,1350.0,1550.0,1550.0,1448.8501784555483,1362.1635549714106,0.9347420506164827,0.8788151967557487
2025-11-03,1300.0,1600.0,1600.0,1495.5223880597014,1406.1043148091978,0.9347014925373134,0.8788151967557487
2025-11-08,1200.0,1701.0,1701.0,1589.386696326062,1494.8646496815286,0.9343837133016237,0.8788151967557487
2025-11-12,1220.0,1500.0,1500.0,1401.098901098901,1313.6942675159237,0.9340659340659341,0.8757961783439491
2025-11-13,1175.0,1525.0,1525.0,1424.371501140369,1335.5891719745223,0.9340140991084387,0.8757961783439491
2025-11-15,1200.0,1500.0,1500.0,1400.9433962264152,1310.2562246670527,0.9339622641509434,0.8735041497780351
2025-11-17,1050.0,1425.0,1425.0,1330.8575959661678,1241.3031524926687,0.9339351550639774,0.8710899315738025
2025-11-19,1175.0,1501.0,1501.0,1401.7959770114942,1306.9011355837024,0.9339080459770115,0.8706869657453048
2025-11-21,1100.0,1351.0,1351.0,1261.3215517241379,1175.8945662296726,0.9336206896551724,0.870388279962748
2025-11-22,1000.0,1100.0,1100.0,1026.6666666666667,956.5490555716447,0.9333333333333333,0.869590050519677
2025-11-26,1100.0,2100.0,2100.0,1960.0,1827.815387921771,0.9333333333333333,0.870388279962748
2025-11-27,1100.0,2000.0,2000.0,1866.6666666666667,1739.180101039354,0.9333333333333333,0.869590050519677
2025-11-28,1100.0,1800.0,1800.0,1680.0,1563.0608330737832,0.9333333333333333,0.8683671294854352
2025-12-01,1025.0,3100.0,3100.0,2893.3333333333335,2688.616352201258,0.9333333333333333,0.8672955974842768
2025-12-02,1050.0,2500.0,2500.0,2333.3333333333335,2162.878787878788,0.9333333333333333,0.8651515151515152
2025-12-03,1000.0,3000.0,3000.0,2800.0,2595.4545454545455,0.9333333333333333,0.8651515151515152
2025-12-04,950.0,2700.0,2700.0,2520.0,2331.818181818182,0.9333333333333333,0.8636363636363636
2025-12-05,1150.0,2500.0,2500.0,2333.3333333333335,2155.126849894292,0.9333333333333333,0.8620507399577166
2025-12-06,1000.0,2200.0,2200.0,2053.3333333333335,1892.5116279069769,0.9333333333333333,0.8602325581395349
2025-12-08,1300.0,2400.0,2400.0,2240.0,2060.5714285714284,0.9333333333333333,0.8585714285714285
2025-12-10,1550.0,2600.0,2600.0,2426.3431973695906,2232.285714285714,0.9332089220652271,0.8585714285714285
2025-12-12,1650.0,2551.0,2551.0,2380.298587043455,2186.5714285714284,0.9330845107971207,0.8571428571428571
2025-12-13,1850.0,2451.0,2451.0,2286.873933961253,2097.209821428571,0.9330371007593852,0.8556547619047619
2025-12-15,2150.0,2300.0,2300.0,2145.8762886597938,1958.7828947368419,0.9329896907216495,0.8516447368421052
2025-12-16,2175.0,2500.0,2500.0,2332.592751898463,2129.111842105263,0.9330371007593852,0.8516447368421052
2025-12-17,2350.0,2351.0,2351.0,2193.458762886598,2011.6443452380952,0.9329896907216495,0.8556547619047619
2025-12-18,2200.0,2250.0,2250.0,2099.3334767086167,1928.5714285714284,0.9330371007593852,0.8571428571428571
2025-12-19,1575.0,2100.0,2100.0,1959.4774726739536,1800.0,0.9330845107971207,0.8571428571428571
2025-12-26,1785.0,2000.0,2000.0,1866.0742015187705,1714.2857142857142,0.9330371007593852,0.8571428571428571
2025-12-27,1800.0,1900.0,1900.0,1772.680412371134,1631.2857142857142,0.9329896907216495,0.8585714285714285
2025-12-29,1875.0,2200.0,2200.0,2052.6816216706475,1888.857142857143,0.9330371007593852,0.8585714285714285
2025-12-30,1785.0,2000.0,2000.0,1865.979381443299,1717.142857142857,0.9329896907216495,0.8585714285714285
2025-12-31,1785.0,1950.0,1950.0,1819.1798738267426,1674.2142857142856,0.9329127558085859,0.8585714285714285
2026-01-01,1675.0,1870.0,1870.0,1744.402985074627,1608.6348837209302,0.9328358208955224,0.8602325581395349
2026-01-02,1500.0,1800.0,1800.0,1678.9926118905805,1551.69133192389,0.9327736732725447,0.8620507399577166
2026-01-03,1400.0,1850.0,1850.0,1725.516322451699,1594.7938689217758,0.9327115256495669,0.8620507399577166
2026-01-05,1475.0,1625.0,1625.0,1515.4294659416244,1400.8324524312895,0.9325719790409996,0.8620507399577166
2026-01-06,1475.0,1500.0,1500.0,1398.6486486486488,1293.076109936575,0.9324324324324325,0.8620507399577166
2026-01-07,1400.0,1600.0,1600.0,1492.1151664655995,1379.2811839323467,0.9325719790409996,0.8620507399577166
2026-01-09,1400.0,1651.0,1651.0,1539.445945945946,1423.2457716701902,0.9324324324324325,0.8620507399577166
2026-01-10,1400.0,1500.0,1500.0,1398.4768666972057,1290.3488372093025,0.9323179111314704,0.8602325581395349
2026-01-12,1350.0,1550.0,1550.0,1445.2702702702702,1333.360465116279,0.9324324324324325,0.8602325581395349
2026-01-13,1300.0,1525.0,1525.0,1421.7848144754923,1311.8546511627908,0.9323179111314704,0.8602325581395349
2026-01-16,1325.0,1450.0,1450.0,1351.6949152542372,1244.9285714285713,0.9322033898305084,0.8585714285714285
2026-01-20,1450.0,1550.0,1550.0,1444.915254237288,1333.360465116279,0.9322033898305084,0.8602325581395349
2026-01-21,1375.0,1500.0,1500.0,1398.3050847457625,1290.3488372093025,0.9322033898305084,0.8602325581395349
2026-01-22,1350.0,1500.0,1500.0,1398.3050847457625,1290.3488372093025,0.9322033898305084,0.8602325581395349
2026-01-27,1150.0,1325.0,1325.0,1235.1694915254236,1139.8081395348838,0.9322033898305084,0.8602325581395349
2026-01-28,1200.0,1351.0,1351.0,1258.8605911026575,1162.1741860465117,0.9317991051833142,0.8602325581395349
2026-01-29,1100.0,1280.0,1280.0,1192.1853702862336,1101.0976744186046,0.93139482053612,0.8602325581395349
2026-01-30,1075.0,1200.0,1200.0,1117.5413457629677,1031.625,0.931284454802473,0.8596874999999999
2026-01-31,925.0,1100.0,1100.0,1024.2914979757086,945.6562499999999,0.9311740890688259,0.8596874999999999
2026-02-02,950.0,1150.0,1150.0,1070.8502024291497,988.6406249999999,0.9311740890688259,0.8596874999999999
2026-02-03,1001.0,1140.0,1140.0,1061.5384615384617,980.0437499999999,0.9311740890688259,0.8596874999999999
2026-02-04,1000.0,1151.0,1151.0,1071.6649843535688,990.1276744186047,0.9310729664236046,0.8602325581395349
2026-02-05,1000.0,1100.0,1100.0,1024.0690281562215,948.2558139534883,0.9309718437783833,0.8620507399577166
2026-02-06,1050.0,1120.0,1120.0,1042.556353728016,967.2727272727273,0.930853887257157,0.8636363636363636
2026-02-07,1075.0,1170.0,1170.0,1089.2370572207085,1012.9631217838764,0.9309718437783833,0.8657804459691252
2026-02-09,1100.0,1250.0,1250.0,1163.5673590714462,1082.2255574614064,0.930853887257157,0.8657804459691252
2026-02-10,1125.0,1260.0,1260.0,1172.7272727272727,1090.8833619210977,0.9307359307359307,0.8657804459691252
2026-02-11,1100.0,1251.0,1251.0,1164.3424933500235,1083.0913379073756,0.930729411151098,0.8657804459691252
2026-02-13,1025.0,1200.0,1200.0,1116.867469879518,1038.9365351629501,0.9307228915662651,0.8657804459691252
2026-02-16,930.0,1170.0,1170.0,1088.6589380778928,1012.9631217838764,0.9304777248528999,0.8657804459691252
2026-02-17,1000.0,1150.0,1150.0,1069.7674418604652,993.1818181818182,0.9302325581395349,0.8636363636363636
2026-02-20,950.0,1151.0,1151.0,1070.6976744186047,996.513293310463,0.9302325581395349,0.8657804459691252
2026-02-21,1025.0,1100.0,1100.0,1023.2558139534883,950.0,0.9302325581395349,0.8636363636363636
2026-02-23,950.0,1100.0,1100.0,1023.2558139534883,952.3584905660377,0.9302325581395349,0.8657804459691252
2026-02-24,920.0,1000.0,1000.0,930.2325581395348,865.7804459691251,0.9302325581395349,0.8657804459691252
2026-02-25,850.0,975.0,975.0,906.9767441860465,846.6579512482992,0.9302325581395349,0.8683671294854352
2026-02-26,780.0,1075.0,1075.0,1000.0,933.9704604691573,0.9302325581395349,0.8688097306689835
2026-02-27,750.0,1000.0,1000.0,930.1162790697674,868.3671294854352,0.9301162790697675,0.8683671294854352
2026-02-28,750.0,875.0,875.0,813.75,757.5578902229845,0.93,0.8657804459691252
2026-03-05,810.0,975.0,975.0,906.75,840.4994714587738,0.93,0.8620507399577166
2026-03-06,800.0,960.0,960.0,892.8000000000001,825.5232558139535,0.93,0.8599200581395349
2026-03-07,725.0,925.0,925.0,860.179599602912,793.8895089285714,0.9299238914626076,0.8582589285714286
2026-03-09,720.0,900.0,900.0,836.8630046326936,772.4330357142858,0.9298477829252151,0.8582589285714286
2026-03-10,725.0,910.0,910.0,846.0885537309728,780.0,0.9297676414626075,0.8571428571428571
2026-03-11,800.0,920.0,920.0,855.3125,788.5714285714286,0.9296875,0.8571428571428571
2026-03-12,820.0,925.0,925.0,859.9326842148132,792.8571428571428,0.9296569559079062,0.8571428571428571
2026-03-13,800.0,950.0,950.0,883.1450912250217,814.2857142857142,0.9296264118158123,0.8571428571428571
2026-03-14,800.0,940.0,940.0,873.4821058611241,804.3154761904761,0.929236282830983,0.8556547619047619
2026-03-17,775.0,900.0,900.0,835.9615384615385,767.9815573770492,0.9288461538461539,0.8533128415300546
2026-03-18,770.0,900.0,900.0,835.8379120879122,770.0892857142857,0.9287087912087912,0.8556547619047619
2026-03-20,800.0,890.0,890.0,826.4285714285714,762.1507936507936,0.9285714285714286,0.8563492063492063
2026-03-23,850.0,900.0,900.0,835.7142857142858,770.7142857142857,0.9285714285714286,0.8563492063492063
2026-03-24,750.0,920.0,920.0,854.2857142857143,787.8412698412698,0.9285714285714286,0.8563492063492063
2026-03-25,750.0,900.0,900.0,835.7142857142858,769.375,0.9285714285714286,0.8548611111111111
2026-04-04,850.0,910.0,910.0,845.0,776.5146857923497,0.9285714285714286,0.8533128415300546
2026-04-06,850.0,950.0,950.0,882.1428571428572,812.1180555555555,0.9285714285714286,0.8548611111111111
2026-04-07,900.0,850.0,850.0,789.2857142857143,727.8968253968253,0.9285714285714286,0.8563492063492063
2026-04-08,925.0,800.0,800.0,742.8571428571429,686.6071428571429,0.9285714285714286,0.8582589285714286
2026-04-09,875.0,800.0,800.0,742.8571428571429,686.6071428571429,0.9285714285714286,0.8582589285714286
2026-04-10,750.0,810.0,810.0,752.2541208791209,696.796875,0.9287087912087912,0.8602430555555556
2026-04-11,810.0,775.0,775.0,719.6428571428572,668.3396464646465,0.9285714285714286,0.8623737373737375
2026-04-13,875.0,750.0,750.0,696.5315934065934,649.3353344768439,0.9287087912087912,0.8657804459691252
2026-04-15,725.0,651.0,651.0,604.6788461538462,565.3070012950183,0.9288461538461539,0.8683671294854352
2026-04-16,750.0,650.0,650.0,604.003583840139,564.9718581195935,0.929236282830983,0.869187474030144
2026-04-17,700.0,1000.0,1000.0,929.6264118158123,869.5652173913044,0.9296264118158123,0.8695652173913043
2026-04-20,750.0,1051.0,1051.0,976.6273332553632,913.9130434782609,0.929236282830983,0.8695652173913043
2026-04-21,700.0,1000.0,1000.0,928.8461538461539,869.5652173913044,0.9288461538461539,0.8695652173913043
2026-04-22,725.0,1051.0,1051.0,976.0729395604396,913.5160352056813,0.9287087912087912,0.869187474030144
2026-04-23,750.0,1025.0,1025.0,951.7857142857143,890.9171608808975,0.9285714285714286,0.869187474030144
2026-04-24,775.0,1000.0,1000.0,928.5714285714286,869.1874740301439,0.9285714285714286,0.869187474030144
2026-04-25,750.0,1100.0,1100.0,1021.4285714285714,956.1062214331583,0.9285714285714286,0.869187474030144
2026-04-27,800.0,1100.0,1100.0,1021.4285714285714,956.1062214331583,0.9285714285714286,0.869187474030144
2026-04-28,850.0,1051.0,1051.0,975.9285714285714,913.5160352056813,0.9285714285714286,0.869187474030144
2026-04-29,850.0,1100.0,1100.0,1021.4285714285714,956.1062214331583,0.9285714285714286,0.869187474030144
2026-04-30,825.0,1180.0,1180.0,1095.7142857142858,1025.6412193555698,0.9285714285714286,0.869187474030144
2026-05-02,850.0,1130.0,1130.0,1049.2857142857142,982.1818456540627,0.9285714285714286,0.869187474030144
2026-05-04,850.0,1151.0,1151.0,1068.7857142857142,1000.4347826086957,0.9285714285714286,0.869187474030144
2026-05-05,850.0,1150.0,1150.0,1067.6211001642037,999.5655951346655,0.9283661740558292,0.869187474030144
