date,price,target_date,actual_future_price,p10,p50,p90
2025-01-28,2400.0,,2400.0,1926.2974763930636,2304.42246855345,2808.3390867363814
2025-01-29,2300.0,,2370.0,1810.7641308656266,2223.6832246816807,2647.491383157208
2025-01-30,2351.0,,2400.0,1888.5697987060512,2271.5305670606763,2755.026142528986
2025-01-31,2250.0,,2451.0,1782.754318108353,2181.4273046765534,2587.6695987141943
2025-02-01,2100.0,,2700.0,1558.6074410112808,1964.1055297375701,2464.0085843035167
2025-02-03,2100.0,,2900.0,1562.0289929483413,2004.494162887872,2469.472261776708
2025-02-04,2270.0,,3100.0,1694.6577573769014,2181.0081491428605,2682.452672180175
2025-02-05,2400.0,,3000.0,1809.2134069984288,2370.9746994791476,2796.3172636301774
2025-02-06,2370.0,,2700.0,1735.2755676780444,2213.389096472645,2761.9364889916947
2025-02-07,2400.0,,2600.0,1790.9695333175655,2212.196842756827,2814.201738168481
2025-02-08,2451.0,,2400.0,1829.0941735087636,2260.0374329168276,2897.218349646175
2025-02-12,2700.0,,2300.0,1942.419607053624,2508.723375631471,3179.5378404770827
2025-02-13,2900.0,,2325.0,2133.8331619772694,2709.837105660111,3392.0383039953144
2025-02-14,3100.0,,2400.0,2396.3563524196247,3032.80807447021,3609.1678826325897
2025-02-15,3000.0,,2400.0,2323.454063139347,3053.406308556763,3534.2389385311494
2025-02-17,2700.0,,2425.0,2039.897724837729,2699.942802640368,3164.8569449729885
2025-02-18,2600.0,,2400.0,2001.3494855860718,2606.434898899914,3016.181525134034
2025-02-19,2400.0,,2300.0,1860.7408972449384,2326.828919799828,2777.744972526042
2025-02-20,2300.0,,2270.0,1792.0468109957098,2185.121152659418,2662.471948136225
2025-02-21,2325.0,,2250.0,1743.0235288576123,2258.411814135399,2753.541828489544
2025-02-22,2400.0,,2200.0,1787.1725570514648,2260.259078270874,2891.100101663452
2025-02-24,2400.0,,2270.0,1814.7624516487901,2298.6838256090396,2819.4864698447805
2025-02-25,2425.0,,2280.0,1809.797698034428,2280.684593946758,2835.851652452173
2025-02-27,2400.0,,2250.0,1792.3761768152758,2227.578950985208,2807.1585109752805
2025-02-28,2300.0,,1950.0,1696.6053655529213,2267.9437390022827,2657.285892507541
2025-03-01,2270.0,,1700.0,1459.4856994570678,1598.5059372375476,2483.3492988731514
2025-03-03,2250.0,,1625.0,1451.711032897294,1578.4656224306536,2435.4774776829727
2025-03-04,2200.0,,1450.0,1393.4040510667683,1403.9784363558686,2333.266312577072
2025-03-05,2270.0,,1370.0,1450.4125515433436,1485.0867897544497,2451.0361251758063
2025-03-06,2280.0,,1525.0,1492.4601074674952,1486.37137866588,2442.387829340269
2025-03-07,2250.0,,1325.0,1531.6126352671608,1513.1922256397288,2430.166452205837
2025-03-08,1950.0,,1260.0,1308.056810941406,1225.875554784539,2157.0937826906797
2025-03-10,1700.0,,1225.0,1120.319629361561,1114.359392040055,1809.8215199569609
2025-03-11,1625.0,,1375.0,1092.687243652994,1228.1795181601058,1841.687364427924
2025-03-12,1450.0,,1400.0,918.2288800957979,1060.3099184304108,1668.8214260163945
2025-03-17,1370.0,,1370.0,829.3747671577621,949.0373906708911,1480.185748883618
2025-03-18,1525.0,,1325.0,932.1362955574733,982.739334296277,1631.2020867460353
2025-03-20,1325.0,,1060.0,811.3873477362854,832.5141164138248,1410.3180385341748
2025-03-21,1260.0,,1100.0,879.7600764641937,911.860963747652,1314.6576165348415
2025-03-22,1225.0,,1125.0,805.2758667486411,872.4497177055539,1265.594495423323
2025-03-24,1375.0,,1100.0,926.894260502774,1015.8446819457433,1474.6464887066056
2025-03-25,1400.0,,1030.0,950.5991156946611,918.0635691630773,1442.0640748926073
2025-03-26,1370.0,,1000.0,934.6540604133493,926.4484963000897,1430.307821049381
2025-03-27,1325.0,,900.0,919.5120506830556,904.2390679561632,1385.3855488721977
2025-04-02,1060.0,,700.0,943.6659801414115,1037.2629269193008,1234.832431177464
2025-04-03,1100.0,,1175.0,962.7922921196399,1121.5011350241264,1317.2006731090535
2025-04-04,1125.0,,1150.0,968.7347013225954,1083.9305644491908,1376.0838136590235
2025-04-07,1100.0,,1250.0,936.9096206001711,1071.599485037401,1332.880215128059
2025-04-08,1030.0,,1240.0,879.4359106778276,1069.9930590756271,1293.97804262791
2025-04-09,1000.0,,1250.0,857.8961192742314,1041.9528070760032,1247.8885016945815
2025-04-11,900.0,,1220.0,792.9861592351028,937.375500161185,1118.1998335139688
2025-04-12,700.0,,1270.0,613.1131199518103,742.5074756866635,931.087099627863
2025-04-14,1175.0,,1260.0,1018.2856357269591,1248.215810218985,1608.0597557282517
2025-04-15,1150.0,,1280.0,976.9218086863968,1180.609008505585,1551.482119665489
2025-04-16,1250.0,,1200.0,1126.7734545572307,1248.9689534436664,1605.793228387481
2025-04-17,1240.0,,1275.0,1034.5260213582792,1222.6363921603752,1628.6064407477345
2025-04-18,1250.0,,1250.0,1036.1872234633597,1263.705373931148,1632.4073762005037
2025-04-19,1220.0,,1200.0,993.0255029023983,1207.4358123332638,1682.1007663215778
2025-04-21,1270.0,,1200.0,1079.119525265642,1305.125816084793,1791.5193058773825
2025-04-22,1260.0,,1200.0,980.5949145272277,1310.7911757995616,1678.2892201754848
2025-04-23,1280.0,,1150.0,991.0235897258691,1319.6040871189184,1690.2390398110524
2025-04-24,1200.0,,1200.0,933.2539662039801,1182.6755261477306,1535.7459377311704
2025-04-25,1275.0,,1180.0,1034.2510761084927,1247.5217096898405,1556.6530015488106
2025-04-26,1250.0,,1100.0,1023.5165339748269,1205.7316951190503,1508.8279641765525
2025-04-28,1200.0,,1100.0,967.2180421566871,1172.6574988461077,1461.6304529463184
2025-04-29,1200.0,,1070.0,955.6049631753717,1194.9544486845048,1434.3578032189382
2025-04-30,1200.0,,1125.0,946.2750984639675,1197.2505403162086,1409.0526580950832
2025-05-02,1150.0,,1151.0,1048.5499063628681,1160.1971174779965,1367.2020383324564
2025-05-03,1200.0,,1150.0,1088.7635920611126,1210.0461668880014,1420.828128818808
2025-05-05,1180.0,,1100.0,1070.3844191677347,1189.7977478203647,1390.118804213087
2025-05-06,1100.0,,1170.0,1003.523060817599,1088.52623896776,1343.9569231569924
2025-05-07,1100.0,,1200.0,1012.1405802769305,1104.726044625823,1315.6860800233612
2025-05-08,1070.0,,1150.0,969.6238441945002,1086.392131043644,1287.9374989835326
2025-05-09,1125.0,,1150.0,1031.5298952772916,1153.6074287677231,1389.7806871780992
2025-05-10,1151.0,,1160.0,1046.7938946140694,1182.4204462698217,1410.2776350369525
2025-05-12,1150.0,,1175.0,1050.9717053901636,1190.2516639036844,1398.0745126862362
2025-05-15,1100.0,,1150.0,1022.9184128929751,1129.15192021255,1334.9639348892522
2025-05-16,1170.0,,1200.0,1089.1975970921021,1197.3522973980978,1466.8857405355168
2025-05-17,1200.0,,1200.0,1128.3631573575233,1227.2390099565237,1458.4341684833203
2025-05-19,1150.0,,1351.0,1058.8361540477267,1190.7300936046165,1407.1720079950094
2025-05-20,1150.0,,1375.0,1070.7722833789867,1186.773996249754,1440.4203272970626
2025-05-21,1160.0,,1400.0,1079.039471592439,1194.2308862696277,1462.3281917845122
2025-05-22,1175.0,,1400.0,1079.676117244228,1135.3953975916886,1483.8132128054647
2025-05-23,1150.0,,1380.0,1064.343628936412,1108.2189849496801,1464.657342333441
2025-05-24,1200.0,,1350.0,1071.207142248266,1144.9633212293515,1304.3411511124125
2025-05-26,1200.0,,1400.0,1045.2260374556047,1150.6725447301449,1302.5207790482802
2025-05-27,1351.0,,1420.0,1202.1882653523307,1311.7592081856774,1474.4181702054796
2025-05-28,1375.0,,1451.0000000000002,1273.9427996463073,1368.295142074692,1631.6128613143
2025-05-29,1400.0,,1475.0,1304.053179652151,1423.5260833400157,1653.4315440338721
2025-05-30,1400.0,,1450.0000000000002,1307.5121191681844,1423.3054014084928,1659.4980315205028
2025-05-31,1380.0,,1600.0,1290.7240459411803,1400.4319741622915,1638.4544478984228
2025-06-02,1350.0,,1600.0,1236.280608638147,1360.9636855981491,1546.5985093923355
2025-06-03,1400.0,,1620.0000000000002,1299.7546760280131,1390.6311767520594,1660.3916373460945
2025-06-04,1420.0,,1600.0,1275.5515286482691,1395.4828200195782,1649.9615441337264
2025-06-05,1451.0,,1600.0000000000002,1309.4508503672737,1493.1249321604619,1684.9320714628243
2025-06-06,1475.0,,1601.0,1370.7346504954212,1550.8896440300603,1855.7899465547353
2025-06-07,1450.0,,1600.0,1351.6289109498791,1524.5174127758935,1759.9902393908233
2025-06-09,1600.0,,1620.0,1465.4054886909887,1672.297855142061,1931.2156878628678
2025-06-10,1600.0,,1540.0,1483.1652529290077,1651.9702880908167,2052.39892843823
2025-06-11,1620.0,,1600.0,1506.377032181158,1674.8878130148348,2057.9888857803203
2025-06-12,1600.0,,1551.0,1489.522888755159,1606.350114539962,1935.6951011432302
2025-06-13,1600.0,,1580.0,1493.1792840630617,1611.248073189599,1963.474970763562
2025-06-14,1601.0,,1600.0,1494.555685522459,1619.6940283073013,1965.4520470133511
2025-06-16,1600.0,,1651.0000000000002,1446.8252372874765,1617.563356159718,1952.1146910154187
2025-06-17,1620.0,,1570.0,1451.700435132251,1605.5459512712687,1858.6762087907268
2025-06-18,1540.0,,1570.0,1385.0176042933044,1532.0462759766838,1765.726230562728
2025-06-19,1600.0,,1500.0,1465.9396168360834,1586.9105912980067,1832.7799679306409
2025-06-20,1551.0,,1551.0,1412.0771731600983,1551.793087103707,1804.5061345946053
2025-06-21,1580.0,,1550.0,1435.6585995917276,1579.714378547273,1978.3852554243604
2025-06-23,1600.0,,1525.0,1423.3069072794628,1596.2002335143313,2012.5467503886139
2025-06-24,1651.0,,1500.0,1493.3461637529879,1639.7179831161295,2074.19531502258
2025-06-25,1570.0,,1500.0,1428.8227186217152,1594.0428323291248,1885.4485173624407
2025-06-26,1570.0,,1510.0,1437.7684651878249,1619.8935034834503,1938.3519938178797
2025-06-27,1500.0,,1551.0,1394.1330103421044,1564.346368882485,1902.4655223116313
2025-06-28,1551.0,,1500.0,1441.0744733743988,1656.2133645939384,1937.7376822935137
2025-06-30,1550.0,,1480.0,1406.0571099844778,1641.5453271058914,1911.839612051761
2025-07-01,1525.0,,1500.0,1393.692693674428,1556.4532056105293,1847.7447817546515
2025-07-02,1500.0,,1475.0,1370.056665972946,1502.0888948921215,1753.0506880299479
2025-07-03,1500.0,,1551.0,1384.4489901394677,1495.0306138839767,1868.1282463857967
2025-07-04,1510.0,,1451.0,1394.3640293602994,1512.6237474848926,1820.597243923112
2025-07-05,1551.0,,1451.0,1432.224244727036,1538.6137413281401,1769.6497264793043
2025-07-07,1500.0,,1460.0,1350.7097299604304,1495.1695436762323,1737.357621054862
2025-07-08,1480.0,,1500.0000000000002,1360.9278187804855,1480.0130691257664,1728.0749904976078
2025-07-09,1500.0,,1400.0,1341.196034916007,1503.4506941615102,1718.9648352687989
2025-07-10,1475.0,,1400.0,1320.1847590942114,1477.1401079529505,1561.4253963412502
2025-07-11,1551.0,,1351.0,1431.3162166046875,1565.400223776946,1626.3447534035158
2025-07-12,1451.0,,1425.0,1327.1363046642266,1432.141556233386,1793.9641786750005
2025-07-14,1451.0,,1451.0,1312.6531458281129,1481.178962470765,1736.033985014241
2025-07-15,1460.0,,1400.0,1334.240644744145,1487.2258660256903,1963.32525373358
2025-07-16,1500.0,,1425.0,1379.5937394319537,1530.8877729336043,2015.4476234235028
2025-07-17,1400.0,,1350.0,1294.7422903852105,1428.6872475603352,1879.9385693955164
2025-07-18,1400.0,,1275.0,1288.0095210042518,1425.6900340623715,1795.4805781744587
2025-07-19,1351.0,,1301.0,1237.716955098167,1373.3045719171805,1763.5712167093707
2025-07-21,1425.0,,1320.0,1281.4520389817305,1451.6200875459672,1787.0838474892237
2025-07-22,1451.0,,1280.0,1324.4589509742063,1477.6632072592467,1747.8493773312316
2025-07-23,1400.0,,1310.0,1278.9855446202328,1425.5977343324912,1748.5582433616514
2025-07-24,1425.0,,1330.0,1302.655911021774,1413.2740505031297,1671.6943594085624
2025-07-25,1350.0,,1275.0,1235.685918646987,1338.5031133548123,1597.6694380564184
2025-07-28,1275.0,,1270.0,1142.270629877617,1258.6235974924605,1510.0563568972066
2025-07-29,1301.0,,1325.0,1183.6729584191694,1288.8600963907038,1558.6984050983174
2025-07-30,1320.0,,1340.0,1204.5569417105703,1283.351389750793,1637.5325387838689
2025-07-31,1280.0,,1351.0,1164.6335322686996,1237.3769066194338,1586.2614763836486
2025-08-01,1310.0,,1525.0000000000002,1205.8763816210933,1331.3261110137046,1671.1211625884896
2025-08-02,1330.0,,1701.0,1223.221766510549,1342.1961882625926,1700.2944858041146
2025-08-04,1275.0,,1600.0,1150.4542682727247,1298.941593145329,1571.071235542195
2025-08-05,1270.0,,1575.0,1141.8992480974425,1301.7940079819932,1565.5995336255876
2025-08-06,1325.0,,1650.0,1213.5254969723171,1358.6267398100458,1648.8988497212347
2025-08-07,1340.0,,1640.0,1224.0051376123886,1354.1961341513797,1672.514602292993
2025-08-11,1351.0,,1551.0,1217.2838120322267,1373.596942406562,1747.0893201153938
2025-08-12,1525.0,,1500.0,1393.5311734108259,1544.6370252639488,1970.8106901974395
2025-08-13,1701.0,,1400.0,1574.3336320587186,1746.7207765398052,2189.3843426187914
2025-08-14,1600.0,,1340.0,1490.2698124352746,1737.4264063473793,2160.5541549341347
2025-08-16,1575.0,,1340.0,1457.3743343205178,1739.9637699937623,2213.9476475583383
2025-08-18,1650.0,,1360.0,1497.8145128683432,1839.4565491284368,2297.0137295948393
2025-08-19,1640.0,,1310.0,1517.0323373382869,1841.0016487609296,2113.042818484246
2025-08-25,1551.0,,1325.0,1405.8559265496858,1736.0445254990739,2021.2943146955063
2025-08-26,1500.0,,1280.0,1388.4330623916399,1663.8928016541242,1939.4588879990956
2025-08-28,1400.0,,1275.0,1280.1673666582772,1582.7149291609587,1819.1241031241207
2025-08-30,1340.0,,1320.0,1266.945168324282,1485.01951386356,1713.4675238528678
2025-09-01,1340.0,,1251.0,1215.5432763937463,1538.3536355013498,1748.4544446829614
2025-09-02,1360.0,,1200.0,1234.8280661658052,1575.9326863077667,1887.0020610465788
2025-09-03,1310.0,,801.0000000000001,1226.2574720360246,1495.4294305728292,1828.6538125793734
2025-09-04,1325.0,,1270.0,1257.5817303884867,1492.0390854352124,1791.2315856249586
2025-09-06,1280.0,,1170.0,1172.9113598190772,1445.8533559847801,1718.5127974909685
2025-09-08,1275.0,,1250.0,1149.0679196926696,1429.54717742045,1702.6269889402952
2025-09-09,1320.0,,1175.0,1202.841485252761,1484.5955433725671,1781.2305817667443
2025-09-10,1251.0,,1100.0,1142.049204749025,1381.7945062369772,1748.2967658613627
2025-09-11,1200.0,,1100.0,1096.2078620310854,1323.0345154523695,1599.3180900265334
2025-09-13,801.0,,1100.0,732.9113560067733,880.002697985867,1067.1335944917982
2025-09-15,1270.0,,1080.0,1150.2269860741617,1372.5552799708437,1695.9393929409814
2025-09-16,1170.0,,1150.0,1031.7747870174048,1287.7401755855542,1589.4000435946723
2025-09-17,1250.0,,1170.0,1107.5779366694667,1384.7496496784554,1672.749868381094
2025-09-18,1175.0,,1125.0,1050.4301728603375,1302.870078800274,1592.886569380764
2025-09-19,1100.0,,1100.0,995.4838375175461,1217.8715809943672,1487.0125597251802
2025-09-20,1100.0,,1200.0,996.2511604469508,1217.7202744361382,1471.4116423378478
2025-09-22,1100.0,,1200.0,982.8873752752864,1220.9980331139839,1589.990664728942
2025-09-23,1080.0,,1200.0,970.7788661752716,1182.335784511517,1469.591964043463
2025-09-24,1150.0,,1180.0,1041.6566897928253,1262.4747759521276,1516.2121947576236
2025-09-26,1170.0,,1151.0,1059.3939691046173,1290.2079043537515,1588.50702884231
2025-09-27,1125.0,,1100.0,1018.8339068593053,1234.8037096689827,1521.1927465909707
2025-09-29,1100.0,,1060.0,994.6791938556721,1201.800620681013,1467.4783927315373
2025-09-30,1200.0,,1080.0,1085.4778985493447,1310.357759440454,1608.85750752274
2025-10-02,1200.0,,1100.0,961.950254600937,1323.9508426195562,1646.3188544256025
2025-10-03,1200.0,,1060.0,937.6433355364057,1245.0315839139585,1604.2455390568005
2025-10-04,1180.0,,1050.0,924.1027533108933,1225.6727632721943,1572.7961329273226
2025-10-06,1151.0,,1075.0,904.5057444424867,1210.3888889171753,1536.4972204924973
2025-10-07,1100.0,,1100.0,885.3308746587203,1204.4656129111943,1490.3248638942227
2025-10-08,1060.0,,1280.0,855.9858862982995,1168.4443801225457,1445.5280441155264
2025-10-09,1080.0,,1350.0,874.7264732509077,1180.3650781390202,1461.3160079833153
2025-10-13,1100.0,,1401.0,882.0477136926842,1280.8237200107178,1485.518750538803
2025-10-14,1060.0,,1550.0,859.299899762856,1175.1182042726298,1447.4659801738321
2025-10-15,1050.0,,1710.0,847.5631402613188,1128.9716914805458,1418.85114853501
2025-10-16,1075.0,,1550.0,866.5603016647123,1164.9539158972286,1462.1926378758358
2025-10-24,1100.0,,1600.0,878.2271357457766,1179.9039938012472,1373.4254832722036
2025-10-27,1280.0,,1725.0,1007.7271444967887,1488.72524928924,1553.773680210736
2025-10-28,1350.0,,1724.9999999999998,1100.943855711412,1576.5414968341763,1713.8292344610577
2025-10-29,1401.0,,1701.0,1142.390214295457,1576.0088171348566,1866.4474150161768
2025-10-30,1550.0,,1650.0,1283.9025341574977,1807.5383362921718,2115.74131226958
2025-10-31,1710.0,,1500.0,1425.2444497467832,1865.3101447588383,2325.9214000266443
2025-11-01,1550.0,,1525.0,1253.2391237494348,1508.5115519357132,1993.9457674963598
2025-11-03,1600.0,,1500.0,1290.815843505119,1638.7123909213926,2151.3135985082686
2025-11-05,1725.0,,1500.0,1445.3832284977275,1739.1285543707731,2312.3865511941503
2025-11-07,1725.0,,1425.0,1481.2627277955266,1739.0736924482799,2165.586194289353
2025-11-08,1701.0,,1501.0,1382.4047566771044,1708.1173134076773,2124.1659862692613
2025-11-10,1650.0,,1301.0,1296.9611275570087,1621.9608056544762,2033.9784922637355
2025-11-12,1500.0,,1351.0,1189.9122241612301,1499.1407375616618,1901.4116469905427
2025-11-13,1525.0,,1100.0,1286.11933655261,1553.1730568175726,1951.957459733183
2025-11-14,1500.0,,2000.0,1241.483728078652,1513.5706815541348,1923.6369546101985
2025-11-15,1500.0,,2100.0,1242.7393851392537,1501.377087135731,1925.5301371835212
2025-11-17,1425.0,,2000.0,1160.6627131975981,1425.4628308203983,1791.555324467447
2025-11-19,1501.0,,1800.0,1247.047245123527,1516.3797194163847,1893.7940738046384
2025-11-20,1301.0,,3100.0,1085.221827869852,1295.208796593675,1675.8717296697641
2025-11-21,1351.0,,2500.0,1165.9008975914328,1345.4134093107352,1805.037186451848
2025-11-22,1100.0,,3000.0,915.1309077890156,1090.9867401768445,1502.7235796947937
2025-11-24,2000.0,,2700.0,1699.7282849190601,1936.3058150173454,2582.295391819537
2025-11-26,2100.0,,2500.0,1695.6643170728041,2021.0937127134555,2835.4657493245763
2025-11-27,2000.0,,2200.0,1619.99360894837,1909.0579742795796,2582.623757327065
2025-11-28,1800.0,,2400.0,1447.623041298271,1725.0817152381617,2275.1951032117254
2025-12-01,3100.0,,2600.0,2388.1676829934295,2911.0481973240967,3894.2621565800873
2025-12-02,2500.0,,2551.0,1850.8102175682084,2306.0404657425793,3090.1809835841323
2025-12-03,3000.0,,2451.0,2213.367640429629,2717.729459296274,3617.753557528197
2025-12-04,2700.0,,2300.0,1983.223464712753,2517.7746156013795,3173.342906854086
2025-12-05,2500.0,,2500.0,1867.0131687219548,2459.5954120133397,2899.5553388098842
2025-12-06,2200.0,,2351.0,1640.6196954934792,2140.008594275843,2556.714957005799
2025-12-08,2400.0,,2250.0,1752.4877087112673,2319.410373584577,2931.5012078196937
2025-12-10,2600.0,,2100.0,1794.113174409618,2476.5454698672015,3069.9142269817894
2025-12-12,2551.0,,1900.0,1714.219408092033,2382.123025995567,3001.5940715174092
2025-12-13,2451.0,,2000.0,1720.1830800606208,2229.1051433158486,2947.389782479857
2025-12-15,2300.0,,1900.0,1737.590895975034,2288.3672830957157,2690.957779145303
2025-12-16,2500.0,,2200.0,1937.867842251097,2407.378072814888,2924.47228698144
2025-12-17,2351.0,,1999.9999999999998,1751.1479258269455,2226.884836252172,2663.3694076219886
2025-12-18,2250.0,,1950.0,1650.2429860295142,2120.394710548316,2563.677782882502
2025-12-19,2100.0,,1869.9999999999998,1628.039839090916,2060.29308698305,2419.94177034597
2025-12-25,1900.0,,1800.0,1534.6368408741366,2030.1621010904403,2214.6532136924925
2025-12-26,2000.0,,1850.0,1685.275617470765,2159.2269810007147,2346.3761528466885
2025-12-27,1900.0,,1625.0,1619.4112587656382,2099.8081436512994,2241.8590138574095
2025-12-29,2200.0,,1500.0,1840.883097520567,2418.0306530135313,2574.866433726461
2025-12-30,2000.0,,1600.0,1608.157925698711,1957.0059111420342,2294.1669424865718
2025-12-31,1950.0,,1651.0,1636.6621454216959,1980.1519177637697,2267.515560788769
2026-01-01,1870.0,,1500.0,1595.492437375684,1924.818152703865,2155.7850047535944
2026-01-02,1800.0,,1550.0,1542.2414460174857,1869.0732455169643,2079.1641464834656
2026-01-03,1850.0,,1525.0,1588.9778281560132,1911.9135444609726,2108.8498450528955
2026-01-05,1625.0,,1450.0,1357.8055804641895,1611.8173697832642,1842.664155574996
2026-01-06,1500.0,,1550.0000000000002,1277.9279691386632,1542.5549270570043,1753.4137652215377
2026-01-07,1600.0,,1500.0,1402.9192446219454,1644.548418453137,1866.835634781425
2026-01-09,1651.0,,1500.0,1416.3642372570507,1661.0091430598916,1852.095237423283
2026-01-10,1500.0,,1325.0,1202.9934268554048,1420.6812243475647,1653.194122900508
2026-01-12,1550.0,,1351.0,1284.0999111070869,1536.1008160454182,1726.5655783299972
2026-01-13,1525.0,,1280.0,1228.2336128268967,1443.0574389315739,1749.9862271768511
2026-01-16,1450.0,,1200.0,1205.1115545094058,1425.1403667278369,1708.6685392581471
2026-01-20,1550.0,,1100.0,1259.2302851805127,1460.4931926011886,1824.1153984101195
2026-01-21,1500.0,,1150.0,1219.3223360833897,1432.074694569686,1782.4721759967547
2026-01-22,1500.0,,1140.0,1217.1537850243474,1426.4615517987727,1772.1935887796367
2026-01-27,1325.0,,1151.0,1054.371868942373,1263.4149120423301,1482.5033127120562
2026-01-28,1351.0,,1100.0,1078.7201700454832,1286.5273560045055,1566.8915993823387
2026-01-29,1280.0,,1120.0,1022.1037396983756,1216.6895620166079,1565.7591070734097
2026-01-30,1200.0,,1170.0,961.6143859397138,1157.0822282566303,1508.7819297998117
2026-01-31,1100.0,,1250.0,888.4442463556916,1093.4845365636754,1396.2659868267547
2026-02-02,1150.0,,1259.9999999999998,864.890272271231,1132.656549367339,1394.3263697171844
2026-02-03,1140.0,,1251.0,855.6313873708218,1103.6532118965386,1347.0122483348068
2026-02-04,1151.0,,1240.0,847.4152783082582,1138.8170338574032,1431.2796863513217
2026-02-05,1100.0,,1200.0,815.3434595657762,1101.791271607857,1371.8803875041929
2026-02-06,1120.0,,1170.0,820.1227089813679,1126.009111665289,1396.6579120509339
2026-02-07,1170.0,,1150.0,836.2389799144026,1185.1314458387124,1453.1828133073766
2026-02-09,1250.0,,1100.0,831.9354651536764,1209.8258287409728,1465.2149587693464
2026-02-10,1260.0,,1151.0,899.0618036982067,1249.589457963094,1609.8283238350025
2026-02-11,1251.0,,1100.0,888.5086923150934,1240.4247096248234,1711.0153897110617
2026-02-12,1240.0,,1100.0,948.5753061866023,1225.9654099021695,1712.4419363547795
2026-02-13,1200.0,,1000.0,848.0748797906683,1192.533105748967,1674.3999280717705
2026-02-16,1170.0,,975.0,849.34040970935,1150.7645684383908,1618.0050070605225
2026-02-17,1150.0,,1075.0,874.5751982284531,1138.0700690584333,1434.8249669161632
2026-02-19,1100.0,,1000.0,827.4244135261343,1076.0030502285435,1461.7951662873222
2026-02-20,1151.0,,875.0,875.3546334894886,1119.2387803097274,1509.8974175473236
2026-02-21,1100.0,,975.0,814.2173731184718,1073.1386650318534,1418.1125648920656
2026-02-23,1100.0,,960.0,811.9713613891109,1068.3631823110127,1335.4934494999272
2026-02-24,1000.0,,925.0,728.3208808450347,973.769207859609,1218.0726814683157
2026-02-25,975.0,,900.0,730.1715866048886,942.8649077956078,1210.2360067387765
2026-02-26,1075.0,,910.0,796.6352439285911,1042.4084957702125,1326.9912248317203
2026-02-27,1000.0,,920.0,732.7838887311784,977.6059484527331,1212.6605790555616
2026-02-28,875.0,,925.0,615.1960907054981,857.8152731279888,1085.3276045492446
2026-03-05,975.0,,950.0,755.9861608422386,966.8231658588164,1201.3054066795896
2026-03-06,960.0,,940.0,742.2879167300594,971.5547922041611,1160.7599947250633
2026-03-07,925.0,,900.0,724.2822062658103,892.3471796967166,1120.3623161682083
2026-03-09,900.0,,900.0,717.2856117878208,896.2307397750618,1092.6554795784698
2026-03-10,910.0,,900.0,725.5437776568114,933.498634874662,1123.0961368576409
2026-03-11,920.0,,890.0,730.1995655131805,947.4618530642216,1137.6900549003296
2026-03-12,925.0,,900.0,727.8752970259906,947.2333383394755,1117.5215306026223
2026-03-13,950.0,,920.0,730.0442191451825,951.5743480292183,1098.2774208614967
2026-03-14,940.0,,900.0,724.1793762637019,960.556617533134,1085.6267857897913
2026-03-17,900.0,,924.9999999999999,699.5706679871788,922.0755575147198,1026.841500528984
2026-03-18,900.0,,1000.0,701.2193534614844,919.8205081339282,1029.0997533537336
2026-03-19,900.0,,910.0,692.5023462369273,885.522106722769,1029.146621093076
2026-03-20,890.0,,950.0,681.3820737190265,866.3906099263953,996.578773538429
2026-03-23,900.0,,850.0,696.3701183986869,915.2024558258341,1029.8558905636114
2026-03-24,920.0,,800.0,717.8171485390118,881.4860706355064,1033.9461965475514
2026-03-25,900.0,,800.0,704.0761792873235,874.921547928508,1014.219698628107
2026-04-02,925.0,,810.0,735.9471929835003,964.6335057169404,1093.0800143555027
2026-04-03,1000.0,,775.0,797.9286136303258,1041.112618849666,1191.1781837991255
2026-04-04,910.0,,750.0,672.7356142276318,947.5558436137244,1108.3709219205157
2026-04-06,950.0,,800.0,753.352020897155,998.0441789589717,1107.1163452010487
2026-04-07,850.0,,651.0,633.7706255050709,867.3388378399061,990.5720436445146
2026-04-08,800.0,,650.0,639.6842700270564,827.3856890580811,912.5357805247272
2026-04-09,800.0,,1000.0,675.4105210216696,825.2543600922248,951.8170743012042
2026-04-10,810.0,,1051.0,687.8939479699585,834.719086376554,971.6520340934613
2026-04-11,775.0,,1000.0,660.7870365448852,799.4146647239817,915.5022906789953
2026-04-13,750.0,,1051.0,630.6790453582865,781.6714458474426,870.3672762758836
2026-04-14,800.0,,1025.0,680.6981086212795,832.0670853904068,917.108334985246
2026-04-15,651.0,,1000.0,510.3018326886657,663.2221068085362,747.0895341373305
2026-04-16,650.0,,1100.0,564.6802419338662,689.2825828685783,749.4696596522592
2026-04-17,1000.0,,1100.0,841.1893758027289,1035.0747591014206,1173.7924641784048
2026-04-20,1051.0,,1051.0,892.7870990474718,1060.030462779317,1236.919161935573
2026-04-21,1000.0,,1100.0,875.8757575120658,1035.5114723455279,1151.928028473123
2026-04-22,1051.0,,1180.0,908.3114731716628,1088.9242227205984,1229.36535158476
2026-04-23,1025.0,,1130.0,882.450658431357,1075.174228452552,1278.2918351822914
2026-04-24,1000.0,,1151.0,866.9113713955732,1041.4011243631312,1287.027613619852
2026-04-25,1100.0,,1150.0,961.3508239636259,1159.8557972375522,1390.773024270347
